zip,lat,lon
6211AL,50.85523285,5.692237193
6211AM,50.85360826,5.69195766
6211AN,50.85361704,5.692008836
6211AP,50.85303707,5.691825329
6211AR,50.85499339,5.692294464
6211AT,50.85458078,5.690198936
6211AV,50.85345296,5.690240345
6211AW,50.85254517,5.690502258
6211AX,50.85397608,5.689770179
6211AZ,50.85266783,5.689878568
6211BA,50.85466667,5.692548967
6211BB,50.85488096,5.690684467
6211BC,50.8548773,5.692565282
6211BD,50.85326773,5.691940322
6211BE,50.85290951,5.6924074
6211BG,50.85420551,5.692657046
6211BH,50.85437562,5.691434278
6211BJ,50.85349948,5.692798435
6211BK,50.85402134,5.691182157
6211BL,50.85355118,5.692932616
6211BN,50.85369017,5.691271941
6211BP,50.85369034,5.69143424
6211BS,50.85322843,5.69060253
6211BT,50.85371301,5.690915155
6211BV,50.85256538,5.691346251
6211BW,50.85342249,5.692419644
6211BX,50.85339258,5.692698332
6211BZ,50.85375725,5.691044811
6211CA,50.85250047,5.692552053
6211CB,50.85266572,5.692532422
6211CC,50.85357053,5.693553688
6211CD,50.85246908,5.6936291
6211CE,50.85226563,5.69253385
6211CH,50.85100201,5.690164215
6211CJ,50.85191721,5.689863467
6211CK,50.85188948,5.691357229
6211CL,50.85086551,5.691454838
6211CM,50.85035915,5.690892299
6211CP,50.85049907,5.690020477
6211CR,50.85035827,5.691448296
6211CS,50.85063819,5.6911167
6211CW,50.84993871,5.691634932
6211DA,50.84849314,5.694656986
6211DE,50.8485624,5.693760782
6211EA,50.84918261,5.689746102
6211EB,50.84927719,5.690353928
6211EC,50.84953162,5.691409597
6211ED,50.84963476,5.692689779
6211EL,50.85109461,5.692884466
6211EM,50.8512891,5.693099898
6211EN,50.85019275,5.693636286
6211EP,50.85049377,5.693056679
6211ER,50.84983114,5.693310191
6211ES,50.84922749,5.693610783
6211ET,50.84940159,5.693610596
6211EV,50.84916951,5.69440339
6211EX,50.84836819,5.694721273
6211EZ,50.84728834,5.694681438
6211GA,50.84795723,5.69366644
6211GB,50.84855423,5.694165281
6211GC,50.84768795,5.6943238
6211GD,50.84842887,5.694017404
6211GJ,50.84839242,5.693293422
6211GK,50.84889869,5.693408238
6211GL,50.84901383,5.693355681
6211GM,50.84848651,5.692665846
6211GN,50.84846881,5.692513429
6211GR,50.84901984,5.691734
6211GS,50.84914722,5.69116678
6211GT,50.84890205,5.690569911
6211GV,50.84878041,5.689883425
6211GW,50.84857968,5.690679818
6211GX,50.84853227,5.691469897
6211GZ,50.84816512,5.691882244
6211HA,50.84784541,5.691039249
6211HB,50.84817776,5.68979569
6211HC,50.8482091,5.690190721
6211HD,50.84771836,5.693151686
6211HE,50.84740293,5.6928437
6211HH,50.84626999,5.694592389
6211HK,50.84620728,5.694337647
6211HL,50.84653552,5.6940302
6211HM,50.84616091,5.693549713
6211HN,50.8463708,5.693185825
6211HP,50.84637838,5.692505535
6211HR,50.84673263,5.692773003
6211HT,50.84689707,5.692262643
6211HV,50.84646808,5.691991752
6211HW,50.84743939,5.691608957
6211HX,50.84740726,5.6913411
6211HZ,50.84621306,5.692765364
6211JA,50.84656724,5.690763605
6211JB,50.84673731,5.690774159
6211JC,50.84622509,5.689977654
6211JD,50.8459247,5.691165358
6211JG,50.84569341,5.691481462
6211JH,50.84498962,5.689639019
6211JJ,50.84536909,5.689723851
6211JK,50.84548972,5.688187155
6211JL,50.84525792,5.691097906
6211JM,50.84498023,5.692057762
6211JN,50.84567938,5.69225135
6211JP,50.84475289,5.691523125
6211JR,50.84496959,5.693169514
6211JS,50.8453074,5.694673689
6211JV,50.8433499,5.695191642
6211JW,50.85459487,5.693506341
6211JX,50.84285058,5.693891664
6211JZ,50.84322566,5.693692786
6211KA,50.84357606,5.693747117
6211KB,50.84278735,5.691975436
6211KC,50.8424454,5.689946614
6211KG,50.84435392,5.6897452
6211KH,50.84442723,5.689031391
6211KJ,50.84491671,5.688175225
6211KK,50.84455103,5.6871631
6211KL,50.84539933,5.687213667
6211KN,50.84601875,5.686712193
6211KP,50.84671355,5.689212433
6211KR,50.84685367,5.689326856
6211KS,50.84628446,5.68906512
6211KV,50.84721474,5.689495626
6211KW,50.84723487,5.689219832
6211KX,50.84776968,5.68996541
6211KZ,50.84621201,5.685026897
6211LA,50.8478955,5.689426434
6211LB,50.84786741,5.689146957
6211LC,50.84932405,5.689337667
6211LD,50.84840629,5.688503235
6211LE,50.84944551,5.68769387
6211LG,50.84781337,5.688269875
6211LH,50.84690344,5.687568584
6211LJ,50.84616523,5.687592983
6211LK,50.84713205,5.686658415
6211LL,50.84623527,5.686799921
6211LM,50.84568423,5.685788317
6211LN,50.8462193,5.686262861
6211LP,50.84563535,5.685059917
6211LR,50.84535568,5.68406197
6211LS,50.84665399,5.684406016
6211LT,50.8448061,5.68253137
6211LV,50.84423639,5.682907643
6211LW,50.84458089,5.681985833
6211LX,50.84590433,5.683049435
6211LZ,50.84650535,5.685228672
6211MA,50.84687051,5.693534155
6211MB,50.84652832,5.693338772
6211MC,50.84578322,5.688992082
6211MV,50.84647435,5.682724962
6211MX,50.84658081,5.683799671
6211MZ,50.84568605,5.68366539
6211NA,50.84693275,5.68130866
6211NB,50.84635781,5.68100995
6211NC,50.84856678,5.678581147
6211ND,50.84781357,5.679179837
6211NE,50.84620529,5.680506416
6211NG,50.84932213,5.678368764
6211NH,50.84750056,5.681483361
6211NJ,50.84798437,5.682895683
6211NK,50.8474886,5.680176797
6211NL,50.84874916,5.679748335
6211NM,50.84793737,5.680202475
6211NN,50.84897433,5.679365206
6211NP,50.84816667,5.679750837
6211NR,50.84895021,5.680514251
6211NS,50.84805743,5.681224469
6211NT,50.84903308,5.679969823
6211NV,50.84812333,5.680644547
6211NW,50.84889598,5.683491045
6211NX,50.84924729,5.684834959
6211NZ,50.849069,5.684336171
6211PA,50.84955027,5.685277007
6211PB,50.84952769,5.684172759
6211PC,50.8495307,5.682534674
6211PD,50.84942365,5.679711621
6211PE,50.84971914,5.684821451
6211PG,50.84969453,5.682669543
6211PH,50.84983374,5.681432796
6211PJ,50.84964781,5.679250938
6211PK,50.85067042,5.683595569
6211PL,50.85409665,5.684179792
6211PM,50.85285092,5.682405177
6211PN,50.85198793,5.681155487
6211PP,50.8511319,5.679882496
6211PR,50.85006962,5.678392954
6211PS,50.85023757,5.679649552
6211PW,50.84919818,5.682194454
6211PX,50.84852132,5.682103036
6211PZ,50.84883088,5.681571677
6211RA,50.85293183,5.683840651
6211RB,50.85154617,5.681902415
6211RC,50.85034616,5.680045729
6211RD,50.85303792,5.68360649
6211RE,50.85228932,5.682482496
6211RG,50.85157095,5.681395413
6211RH,50.85082668,5.680286103
6211RJ,50.84999204,5.679180504
6211RK,50.85198905,5.684480053
6211RL,50.85219536,5.684531229
6211RM,50.85185979,5.683187325
6211RN,50.85326051,5.684950594
6211RP,50.85173365,5.686257537
6211RR,50.8532952,5.684565898
6211RS,50.85252137,5.685276993
6211RT,50.85175015,5.68596715
6211RV,50.85130878,5.687381412
6211RW,50.85411762,5.68568203
6211RX,50.85385471,5.68512813
6211RZ,50.85405214,5.688946561
6211SB,50.85360085,5.688700487
6211SC,50.85389335,5.689020644
6211SE,50.85338868,5.689019007
6211SG,50.85176848,5.689316464
6211SH,50.85319077,5.688797843
6211SJ,50.85180967,5.689059903
6211SK,50.85253504,5.68969886
6211SL,50.85239508,5.687899141
6211SM,50.85300916,5.688120009
6211SN,50.85167324,5.688240554
6211SP,50.85269798,5.687853734
6211SR,50.8509711,5.689489374
6211ST,50.85072634,5.688027911
6211SV,50.85018552,5.686480922
6211SW,50.85107156,5.689146166
6211SX,50.85086974,5.687657467
6211SZ,50.85030527,5.686327815
6211TA,50.85049525,5.688956527
6211TB,50.85035738,5.687393386
6211TC,50.84970673,5.686691037
6211TD,50.84961885,5.685872619
6211TE,50.84763056,5.686864475
6211TG,50.84800504,5.68735454
6211WB,50.85470591,5.685737812
6211WC,50.85461268,5.686861224
6211WD,50.8543456,5.687649111
6211WE,50.85484348,5.687912267
6211WH,50.85528966,5.687678523
6211XA,50.85457856,5.691863133
6211XB,50.85442422,5.692150333
6211XC,50.85361201,5.685758413
6211XD,50.85328341,5.686131037
6211XE,50.85320847,5.685805511
6211XG,50.85351137,5.686566121
6211XH,50.85274206,5.686662936
6211XJ,50.85318251,5.686866588
6211XK,50.8521741,5.686880425
6211XL,50.85359628,5.6854995
6211XN,50.85255928,5.683937771
6211XP,50.852409,5.684083227
6211XR,50.85252792,5.683895629
6211XS,50.85242068,5.68413806
6211XX,50.85542687,5.689110435
6211XZ,50.85678929,5.689502405
6212AA,50.84205711,5.692902487
6212AB,50.84157854,5.689361853
6212AC,50.84156188,5.695746117
6212AD,50.84104472,5.695625887
6212AE,50.83863749,5.694933414
6212AG,50.8365686,5.694310739
6212AH,50.83459885,5.693887014
6212AJ,50.83096826,5.694927995
6212AK,50.82917132,5.695618468
6212AL,50.82713549,5.695857795
6212AM,50.84171258,5.69456495
6212AN,50.84085346,5.694802181
6212AP,50.84120484,5.694201879
6212AR,50.8411625,5.693218992
6212AS,50.84020065,5.695522669
6212AT,50.84050962,5.69312373
6212AV,50.83980032,5.695736107
6212AW,50.84027704,5.68972678
6212BA,50.84066442,5.690370968
6212BB,50.84042999,5.688250778
6212BC,50.84107583,5.690572135
6212BD,50.84093099,5.689589571
6212BE,50.84081042,5.6888024
6212BG,50.84029777,5.691283762
6212BH,50.84117665,5.688447482
6212BJ,50.84006819,5.688894535
6212BK,50.8400673,5.688568367
6212BL,50.83967398,5.692785664
6212BM,50.83970017,5.69043159
6212BN,50.83936907,5.688164923
6212BP,50.83995572,5.690921721
6212BR,50.83956608,5.688244438
6212BS,50.83904111,5.68966086
6212BT,50.83901675,5.68933177
6212BV,50.83950603,5.691756075
6212BW,50.83835991,5.690457192
6212BX,50.83863622,5.690355253
6212CA,50.83861572,5.6925559
6212CB,50.83890029,5.693025243
6212CC,50.83942386,5.694008136
6212CD,50.83820399,5.694228267
6212CE,50.83629028,5.693847688
6212CG,50.83943047,5.69368409
6212CH,50.83687004,5.693774435
6212CJ,50.83519827,5.693504143
6212CK,50.83874074,5.69456401
6212CL,50.83787992,5.692900619
6212CM,50.83808311,5.6929272
6212CN,50.83924529,5.691063524
6212CP,50.83824047,5.691651425
6212CR,50.83700396,5.69276002
6212CS,50.83908834,5.690882237
6212CT,50.83682456,5.692094824
6212CV,50.83559998,5.692996923
6212CW,50.83722329,5.692794707
6212CX,50.83742368,5.692905208
6212CZ,50.83527648,5.69125774
6212EA,50.83560203,5.689429256
6212EB,50.83583652,5.68906544
6212EC,50.83682788,5.687725362
6212EG,50.83632691,5.688556371
6212EH,50.8369336,5.6883443
6212EJ,50.83762686,5.68826475
6212EK,50.83651753,5.68963629
6212EL,50.83733957,5.68813008
6212EM,50.83630259,5.689402464
6212EN,50.83862206,5.687965219
6212EP,50.83750957,5.690020117
6212ER,50.83844171,5.687861755
6212ES,50.83694705,5.690015074
6212ET,50.83978607,5.687571738
6212EV,50.83983725,5.687301875
6212EW,50.83923738,5.68704095
6212EX,50.83984713,5.686857515
6212EZ,50.83997253,5.686342633
6212GA,50.84039971,5.685458075
6212GB,50.83955724,5.686317075
6212GC,50.84085932,5.684170312
6212GD,50.84019394,5.685319095
6212GE,50.83916352,5.686365931
6212GG,50.83903118,5.684813474
6212GH,50.83818188,5.683022165
6212GJ,50.83929266,5.684732192
6212GK,50.83857848,5.682403618
6212GL,50.84004696,5.684269752
6212GM,50.83964395,5.68409535
6212GN,50.83947009,5.683796615
6212GP,50.83987801,5.683412655
6212GR,50.84031343,5.682969578
6212GS,50.84083079,5.682962363
6212GT,50.83984085,5.68260295
6212GV,50.83885456,5.6839569
6212GW,50.83977437,5.682171807
6212GX,50.83881248,5.6835798
6212HA,50.83925266,5.681795029
6212HB,50.83920193,5.681324744
6212HC,50.83953736,5.6807606
6212HD,50.83750596,5.681414636
6212HH,50.83844837,5.679149883
6212NA,50.81896786,5.693893995
6212NC,50.83005771,5.693867306
6212NE,50.8272819,5.690952
6212NH,50.83726844,5.685942408
6212NJ,50.82527447,5.674970154
6212NK,50.82857852,5.67280502
6212NL,50.83465366,5.67479838
6212XA,50.83841998,5.685721467
6212XB,50.83693103,5.683049038
6212XC,50.83484671,5.681051015
6212XD,50.83395892,5.680309788
6212XE,50.83295786,5.679559039
6212XG,50.8318924,5.67868839
6212XH,50.83863394,5.685751338
6212XJ,50.83794554,5.683589575
6212XK,50.83508237,5.680562944
6212XN,50.84139099,5.69751703
6212XR,50.83910431,5.696068626
6212XS,50.83663526,5.695375644
6212XV,50.83602769,5.695516963
6212XW,50.84067773,5.697766233
6212XX,50.84029748,5.697403146
6212XZ,50.8399946,5.697189604
6213AA,50.84183567,5.681246042
6213AB,50.84194799,5.680138879
6213AC,50.84222502,5.6804137
6213AD,50.84165525,5.68020045
6213AE,50.84102336,5.678645786
6213AJ,50.84118408,5.678760608
6213AK,50.84035018,5.677609174
6213AL,50.84030032,5.676923892
6213AM,50.8383185,5.674206128
6213AP,50.84006624,5.676028885
6213BA,50.84130562,5.6775382
6213BB,50.84036204,5.6762339
6213BD,50.83935958,5.674395965
6213BE,50.83759988,5.672615932
6213BG,50.84311915,5.678927639
6213BH,50.84171977,5.677678404
6213BJ,50.84075258,5.676200152
6213BK,50.83966728,5.6744171
6213BL,50.83747843,5.672490522
6213BP,50.8380665,5.6721877
6213BR,50.83802559,5.671088536
6213BS,50.83845309,5.671059204
6213BT,50.83889837,5.669421667
6213BV,50.83891463,5.671523375
6213CA,50.84216426,5.677739209
6213CB,50.84167611,5.67637817
6213CC,50.84054339,5.67445768
6213CD,50.84145429,5.675595439
6213CE,50.84040887,5.674869588
6213CG,50.8427932,5.676379869
6213CH,50.8407913,5.673187423
6213CJ,50.83933939,5.669606714
6213CK,50.84204362,5.673986371
6213CN,50.83997874,5.6712067
6213CP,50.83979355,5.668886253
6213CR,50.84059206,5.672086967
6213CS,50.84024323,5.669969005
6213CT,50.84029491,5.669837738
6213CV,50.84024308,5.668974837
6213CW,50.84070347,5.668450387
6213EB,50.8385716,5.665473243
6213EC,50.83858783,5.665521253
6213EG,50.83563261,5.658281675
6213EJ,50.83563807,5.66043732
6213EM,50.84014736,5.666752784
6213EN,50.84014274,5.666749122
6213EP,50.83990166,5.666288072
6213ER,50.83986439,5.666217158
6213ES,50.83948045,5.665184823
6213ET,50.83946334,5.664916263
6213EV,50.83729343,5.665439191
6213EW,50.83744259,5.665249505
6213EX,50.83850241,5.66397247
6213EZ,50.83911057,5.6642477
6213GA,50.84333006,5.677765163
6213GB,50.84172603,5.670416284
6213GC,50.83762406,5.659680207
6213GD,50.83467966,5.652463681
6213GE,50.83790892,5.66167945
6213GG,50.83781385,5.6628321
6213GH,50.83796671,5.662625021
6213GJ,50.83633457,5.6606341
6213GK,50.83535508,5.662008557
6213GL,50.83727383,5.6610989
6213GM,50.83681712,5.6591384
6213GP,50.83642797,5.657775422
6213GR,50.83510281,5.66020056
6213GS,50.83466753,5.660323367
6213GV,50.83574561,5.664260474
6213GW,50.83466691,5.66157162
6213GX,50.83602667,5.659710133
6213GZ,50.83595704,5.6592839
6213HD,50.83318138,5.66154047
6213HE,50.83426946,5.656484435
6213HG,50.83282969,5.658796479
6213HH,50.83354428,5.657198964
6213HK,50.83487515,5.6538786
6213HL,50.83446533,5.654147147
6213HN,50.83427068,5.653011576
6213HP,50.8341948,5.652036871
6213HR,50.83393133,5.652700083
6213HS,50.83363609,5.651901607
6213HT,50.83372032,5.651435612
6213HV,50.83369599,5.653634941
6213HW,50.83365123,5.653081833
6213HX,50.83325314,5.652014544
6213HZ,50.83332466,5.650743207
6213JA,50.83277131,5.6557933
6213JB,50.83179853,5.65819629
6213JC,50.8332355,5.655656638
6213JD,50.83212427,5.658490319
6213JG,50.83311641,5.653838847
6213JH,50.83281055,5.654048917
6213JK,50.83233383,5.653966722
6213JL,50.8325701,5.653863147
6213JN,50.83220158,5.654619733
6213JP,50.83188523,5.654646973
6213JR,50.83153619,5.655916029
6213JS,50.83151429,5.657738886
6213JT,50.83128794,5.655665913
6213JV,50.83112054,5.657601806
6213JW,50.83196904,5.65514154
6213JX,50.83213696,5.6562134
6213JZ,50.83199921,5.656498445
6213KA,50.83157854,5.657095682
6213KB,50.83184368,5.657105738
6213KD,50.83194938,5.653185695
6213KE,50.83132884,5.65391996
6213KG,50.83247333,5.653241718
6213NA,50.83476352,5.674016867
6213NB,50.82331122,5.66829872
6213NC,50.83402189,5.671056406
6213NE,50.83342541,5.667620476
6214AA,50.8490211,5.675458311
6214AB,50.849007,5.677515055
6214AC,50.84905561,5.677385607
6214AD,50.84826684,5.678148369
6214AE,50.84696835,5.679171696
6214AG,50.84538756,5.680399343
6214AH,50.84683256,5.678809165
6214AJ,50.8477483,5.67801672
6214AK,50.84749575,5.677897527
6214AL,50.84772394,5.676828236
6214AM,50.84823053,5.677115052
6214AN,50.84878343,5.6758797
6214AP,50.8471465,5.677504156
6214AR,50.84706957,5.677099364
6214AS,50.84634076,5.677599518
6214AT,50.84678519,5.678158374
6214AV,50.84632874,5.676776435
6214AW,50.84591361,5.67931672
6214AX,50.84491651,5.679152406
6214AZ,50.84585442,5.67886853
6214BA,50.84436346,5.679048131
6214BB,50.84432276,5.679432513
6214BC,50.84372334,5.6768877
6214BD,50.84302858,5.674062134
6214BE,50.84160782,5.668779121
6214BG,50.84357098,5.67494054
6214BH,50.84481373,5.680698857
6214DA,50.84883075,5.673515497
6214PA,50.84812168,5.67294547
6214PB,50.84850134,5.672771643
6214PC,50.84824416,5.675943822
6214PD,50.84839263,5.674535979
6214PE,50.84834733,5.675310925
6214PG,50.8478769,5.673928376
6214PH,50.84683108,5.671943396
6214PJ,50.84586629,5.670795544
6214PK,50.84778909,5.675876664
6214PL,50.84720854,5.674214091
6214PM,50.84788957,5.675655873
6214PN,50.84740415,5.674092495
6214PP,50.84713879,5.675944388
6214PR,50.84670674,5.674653957
6214PS,50.84735643,5.676015187
6214PT,50.84688238,5.674464486
6214PV,50.84667556,5.676488164
6214PW,50.84633036,5.675542747
6214PX,50.84683999,5.67639855
6214PZ,50.84635986,5.674943853
6214RB,50.84605511,5.675258956
6214RC,50.84492321,5.6761203
6214RE,50.84485436,5.675911675
6214RG,50.84407477,5.676605594
6214RH,50.84420576,5.676504369
6214RJ,50.84783076,5.675224497
6214RK,50.84585583,5.676477883
6214RL,50.84440977,5.677421753
6214RM,50.84763723,5.675019481
6214RN,50.8464573,5.675911105
6214RP,50.84504762,5.676644722
6214RR,50.8443178,5.677209142
6214RS,50.84540797,5.677581162
6214RT,50.84558243,5.677572422
6214RV,50.84579476,5.677029829
6214RW,50.84597507,5.677606963
6214RX,50.84610237,5.678367057
6214RZ,50.84538065,5.678541233
6214SC,50.84465951,5.678093179
6214SE,50.84426168,5.678114625
6214SG,50.8449018,5.677796046
6214SH,50.84448063,5.676269606
6214SJ,50.8450624,5.677683483
6214SK,50.84460481,5.676066707
6214SL,50.84684139,5.673630373
6214SM,50.84473105,5.675295317
6214SN,50.84404342,5.67580565
6214SP,50.84727867,5.672897636
6214SR,50.84641276,5.673545261
6214ST,50.84528882,5.674446758
6214SV,50.84424448,5.675254858
6214SW,50.84442157,5.674264225
6214SX,50.84497678,5.674189494
6214SZ,50.84485929,5.673922864
6214TB,50.84538748,5.673828369
6214TC,50.84625107,5.67309188
6214TD,50.84614013,5.672902724
6214TE,50.84569447,5.673537942
6214TG,50.84598039,5.672572829
6214TH,50.84497305,5.673353067
6214TJ,50.84556909,5.67233837
6214TK,50.84609664,5.672176033
6214TL,50.84684117,5.672544792
6214TM,50.84612637,5.67173156
6214TN,50.84542051,5.671682187
6214TP,50.84531857,5.671253918
6214TR,50.84516285,5.670975738
6214TS,50.84437671,5.670521804
6214TT,50.84457391,5.671740081
6214TV,50.8437201,5.672417042
6214TW,50.843526,5.671749588
6214TX,50.84337497,5.671027567
6214TZ,50.84494362,5.670313421
6214VG,50.84351566,5.674234263
6214VH,50.84408137,5.674839283
6214VJ,50.84434756,5.672547136
6214VK,50.84338137,5.672251733
6214VL,50.84309905,5.671584588
6214VM,50.84299911,5.672070687
6214VN,50.84417158,5.670281918
6214VS,50.84453089,5.666937563
6214VT,50.84469341,5.666321626
6214VV,50.8436996,5.66413814
6214VW,50.84370817,5.665391414
6214VX,50.84395114,5.665764406
6214VZ,50.84383526,5.665301383
6214XA,50.84190953,5.6671108
6214XC,50.8438533,5.666624354
6214XG,50.8438119,5.668068343
6214XH,50.84379595,5.66883414
6214XJ,50.84320806,5.666996079
6214XK,50.84263219,5.666134547
6214XL,50.84237707,5.6674266
6214XM,50.84218582,5.669682589
6214XN,50.84249882,5.669355846
6214XP,50.84234414,5.66822124
6214XX,50.84162996,5.6676997
6214XZ,50.84224664,5.665502945
6215AC,50.83790361,5.65946791
6215AD,50.83596843,5.654847594
6215AE,50.83458454,5.6513236
6215AG,50.83567496,5.65175999
6215AH,50.83594092,5.65310318
6215AJ,50.83628909,5.652196767
6215AK,50.83731774,5.656451521
6215BA,50.83965874,5.649855243
6215BB,50.83957148,5.650082186
6215BC,50.83946981,5.650338819
6215BD,50.83932038,5.650762605
6215BE,50.83921099,5.651052233
6215BG,50.83905629,5.651440124
6215BH,50.83893876,5.651748762
6215BJ,50.83883007,5.652034421
6215BK,50.83919962,5.649113889
6215BL,50.83921236,5.649107556
6215BM,50.83924014,5.6491372
6215BN,50.83922196,5.649119572
6215BP,50.83913142,5.650063712
6215BR,50.83920244,5.648525615
6215BS,50.83875197,5.648720367
6215BT,50.84163401,5.644541304
6215BV,50.83992019,5.646699859
6215BW,50.84121194,5.644281425
6215BX,50.84028105,5.646437485
6215EA,50.84252095,5.642967628
6215EB,50.84291156,5.643625758
6215EC,50.8424852,5.645719054
6215ED,50.8426676,5.64583885
6215EE,50.84307471,5.644949329
6215EG,50.84020724,5.644187854
6215EH,50.84325796,5.646308808
6215EJ,50.84191943,5.645208817
6215EK,50.84321233,5.647141145
6215EL,50.84222344,5.646109495
6215EM,50.84078014,5.645138738
6215EN,50.84074043,5.645801922
6215EP,50.84098598,5.646838658
6215ER,50.8404129,5.64713372
6215ES,50.84148383,5.646566007
6215ET,50.8410169,5.647499788
6215EV,50.84146541,5.643316588
6215EW,50.84164766,5.64383425
6215EX,50.83940864,5.646583888
6215EZ,50.83974624,5.645550781
6215GA,50.84093627,5.647943409
6215GB,50.84129352,5.648058
6215GC,50.84089445,5.648352143
6215GD,50.84022146,5.647582539
6215GE,50.84198644,5.647099943
6215GG,50.8429457,5.647845864
6215GH,50.84329535,5.648076786
6215GJ,50.84252508,5.647996083
6215GK,50.8416411,5.648584536
6215JA,50.84605069,5.649512833
6215JB,50.84576548,5.646748639
6215JC,50.84716948,5.647968906
6215JD,50.84647638,5.6451433
6215JE,50.84685259,5.64568404
6215JG,50.8472112,5.6468077
6215JH,50.84665139,5.646874829
6215JJ,50.84666367,5.648029055
6215JK,50.84664123,5.648750269
6215JL,50.84663365,5.649730903
6215JM,50.8467344,5.650802267
6215JN,50.8472244,5.64331751
6215JP,50.84645969,5.642129667
6215JR,50.84624734,5.643052242
6215JS,50.84598411,5.643803397
6215JT,50.84589889,5.644676425
6215JV,50.84525915,5.643269362
6215KA,50.84445779,5.647115867
6215KB,50.84445276,5.642931036
6215KC,50.84452402,5.643952132
6215KD,50.84468206,5.644984881
6215KE,50.84480691,5.645851073
6215KG,50.84491149,5.646670464
6215KH,50.8450182,5.647489769
6215KJ,50.84515263,5.648307396
6215KK,50.84548046,5.648845359
6215KL,50.84535172,5.649947646
6215KM,50.84415968,5.64813709
6215KN,50.84349513,5.6438196
6215PH,50.84396987,5.652396875
6215PJ,50.84411062,5.6524911
6215PK,50.84428702,5.65261219
6215PL,50.84413108,5.65233663
6215PM,50.8439453,5.651889438
6215PN,50.84400197,5.651681172
6215PP,50.8433075,5.65087704
6215PR,50.84333983,5.65105775
6215PS,50.84352444,5.6511517
6215PT,50.84334975,5.650897909
6215PV,50.84313642,5.650481404
6215PW,50.84318069,5.650262412
6215PX,50.84255134,5.649683781
6215PZ,50.84237862,5.649262455
6215RA,50.83825528,5.647215133
6215RB,50.83846906,5.646982273
6215RE,50.8384068,5.648388367
6215RG,50.8388161,5.649825653
6215RH,50.83838437,5.64945185
6215RJ,50.83795208,5.649034005
6215RK,50.83796633,5.647945804
6215RL,50.83762176,5.647339828
6215RM,50.83781511,5.649745787
6215RN,50.83733301,5.648502619
6215RP,50.83822205,5.649886405
6215RR,50.83737203,5.6476936
6215RS,50.83743968,5.65021536
6215RT,50.83844865,5.651318456
6215RV,50.83759676,5.65062797
6215RW,50.83691021,5.648976213
6215RX,50.83752414,5.649917856
6215RZ,50.83699024,5.648214226
6215SC,50.83723937,5.650727768
6215SE,50.83665259,5.649050437
6215SG,50.83702631,5.647269457
6215SH,50.83705569,5.646361245
6215SJ,50.83645097,5.647448737
6215SL,50.84213994,5.651946352
6215SM,50.84188709,5.651702742
6215SN,50.84148527,5.651308242
6215SP,50.84130046,5.651132628
6215SR,50.8408864,5.65073502
6215ST,50.84063341,5.650492113
6215SV,50.84004174,5.64998157
6215SX,50.84266931,5.653056762
6215SZ,50.84099531,5.651916594
6215TA,50.84043004,5.652306322
6215TB,50.84132862,5.65275895
6215TC,50.84049965,5.65196275
6215TD,50.84200223,5.652941675
6215TE,50.84193126,5.653816539
6215TG,50.84239486,5.65373255
6215TH,50.84251239,5.654112579
6215TJ,50.84274576,5.65438285
6215TK,50.84286928,5.654741245
6215TL,50.84205787,5.655292836
6215TM,50.84230128,5.65508855
6215TN,50.84157195,5.655803063
6215TP,50.84191933,5.655813106
6215TR,50.84295288,5.655185185
6215TS,50.84298793,5.655564193
6215TT,50.84118866,5.657112055
6215TV,50.83938485,5.653369937
6215TW,50.84139943,5.656756009
6215TX,50.83985261,5.653325008
6215TZ,50.83907613,5.652486595
6215VE,50.84081631,5.653432086
6215VG,50.83814405,5.653604608
6215VH,50.84015236,5.653037178
6215VJ,50.84026535,5.652741689
6215VK,50.83956933,5.651338731
6215VL,50.83814366,5.654746682
6215VM,50.83859496,5.653543889
6215VN,50.83868749,5.654375461
6215VP,50.83937099,5.654301929
6215VR,50.83948725,5.654000221
6215VS,50.83905658,5.654946275
6215VT,50.83917239,5.654646438
6215VV,50.83883865,5.655687407
6215VW,50.83895513,5.655382971
6215VX,50.83871118,5.656095827
6215VZ,50.83965461,5.655290256
6215XA,50.84028553,5.656516491
6215XB,50.84060531,5.657164366
6215XC,50.84101539,5.657764893
6215XD,50.84074389,5.656374917
6215XG,50.84032672,5.658100648
6215XH,50.83944217,5.658029719
6215XJ,50.83991099,5.658453937
6215XK,50.83887174,5.658111045
6215XL,50.8393175,5.658503992
6215XM,50.83898285,5.659195188
6215XN,50.83856755,5.658133464
6215XP,50.83873944,5.659581183
6215XR,50.83833822,5.658533332
6215XS,50.8378611,5.657540596
6215XT,50.83766338,5.656800433
6215XV,50.84025735,5.658974855
6215XW,50.83966687,5.659901674
6215XX,50.83926481,5.66057192
6216AB,50.85350115,5.658256828
6216AC,50.85394178,5.6569214
6216AD,50.85447044,5.655312823
6216AE,50.85400771,5.657921775
6216AG,50.85435656,5.656864606
6216AH,50.8547043,5.655806388
6216AJ,50.85404068,5.655032362
6216AK,50.8537702,5.654474578
6216AL,50.85306921,5.6562968
6216AM,50.85330026,5.655077709
6216AN,50.85381176,5.655928368
6216AP,50.85375529,5.655419453
6216AR,50.85358171,5.656814344
6216AS,50.85353538,5.656350838
6216AT,50.8533017,5.657748258
6216AV,50.85323938,5.659354533
6216AW,50.85337195,5.660578956
6216AX,50.85354273,5.659653728
6216AZ,50.85281869,5.659761464
6216BA,50.85271922,5.66050991
6216BB,50.85246972,5.66095808
6216BC,50.85248836,5.657498717
6216BD,50.85265286,5.6565392
6216BE,50.85284557,5.655418642
6216BG,50.85310884,5.654147425
6216BH,50.8518163,5.659245878
6216BJ,50.85233762,5.658820731
6216BK,50.85164653,5.66031939
6216BL,50.85202112,5.660145944
6216BM,50.84998924,5.659589418
6216BN,50.85069216,5.6598708
6216BR,50.85024894,5.668002073
6216BS,50.85129744,5.667355463
6216BT,50.85179226,5.66685315
6216BV,50.85201291,5.666173494
6216BW,50.85323043,5.663132519
6216BX,50.84910816,5.668770593
6216BZ,50.84911965,5.667208485
6216CA,50.8501983,5.668950886
6216CB,50.85005655,5.668686836
6216CC,50.84990676,5.668412371
6216CD,50.84893247,5.665551154
6216CH,50.84975767,5.666701508
6216CJ,50.84987563,5.66684853
6216CK,50.84984824,5.666336033
6216CL,50.84953957,5.66522912
6216CP,50.85232261,5.660270833
6216CR,50.85093007,5.665117445
6216CS,50.84976548,5.6647049
6216CT,50.84962045,5.664908733
6216CV,50.84934705,5.66485341
6216EA,50.84680842,5.664905856
6216EC,50.84572399,5.659458478
6216ED,50.84543182,5.658762693
6216EG,50.84760565,5.669601806
6216EM,50.84802282,5.665224741
6216EN,50.84735772,5.665871995
6216EP,50.84771083,5.664477838
6216ER,50.84669689,5.667547369
6216ES,50.84599975,5.667869376
6216ET,50.84803683,5.666657241
6216EV,50.84687656,5.666384486
6216NS,50.84395565,5.65623854
6216NT,50.84276371,5.657277907
6216NV,50.84421547,5.655460167
6216NW,50.84356994,5.6560417
6216NX,50.84310416,5.656494714
6216NZ,50.84243738,5.657181608
6216PC,50.84457215,5.6559559
6216PD,50.84238999,5.658394585
6216PE,50.84309675,5.659121363
6216PG,50.84308569,5.658537229
6216PH,50.84418516,5.65883077
6216PJ,50.84401052,5.659737931
6216PK,50.84304267,5.660725427
6216PL,50.84392208,5.661319825
6216PM,50.84397579,5.6605439
6216PN,50.84499097,5.659947075
6216PP,50.84476478,5.661566674
6216PR,50.84343436,5.657850059
6216PS,50.84452369,5.659636924
6216PT,50.84447753,5.6640848
6216PV,50.84468496,5.663969828
6216PW,50.84494253,5.663485
6216PX,50.84530016,5.66313535
6216PZ,50.84502329,5.662983088
6216RA,50.84539888,5.662185727
6216RB,50.8456793,5.661386625
6216RC,50.84538396,5.661652706
6216RD,50.84438677,5.662373338
6216RE,50.84599853,5.662399007
6216RG,50.8467548,5.663141017
6216RH,50.84633707,5.661161437
6216RJ,50.84727394,5.663161985
6216RK,50.84719208,5.663460196
6216RL,50.8462003,5.664316329
6216RM,50.84567734,5.664884617
6216RN,50.84523651,5.665279217
6216RP,50.84490283,5.66529005
6216RR,50.84540239,5.664537911
6216RS,50.84637366,5.663482033
6216RT,50.84699474,5.662664661
6216RV,50.84789546,5.66144846
6216RW,50.84689361,5.662193544
6216RX,50.84575211,5.663294588
6216RZ,50.84746294,5.661091922
6216SB,50.84829138,5.660375441
6216SC,50.84749231,5.660335153
6216SE,50.84738805,5.659981554
6216SG,50.84718258,5.656455425
6216SH,50.84780301,5.656861491
6216SJ,50.84686634,5.65861983
6216SK,50.8473584,5.657739429
6216SL,50.84681405,5.657366755
6216SM,50.84614771,5.658323213
6216SN,50.84574079,5.657187233
6216SP,50.84540334,5.656309064
6216SR,50.84610039,5.657177003
6216ST,50.84625406,5.656778506
6216SV,50.84823835,5.662446578
6216SW,50.84670809,5.657972187
6216SX,50.8480933,5.66082319
6216SZ,50.84653532,5.655429222
6216TA,50.8472085,5.655415683
6216TB,50.84682798,5.65517952
6216TC,50.84519223,5.655392825
6216TD,50.84472444,5.656482168
6216TE,50.84618695,5.654770411
6216TG,50.84344344,5.657256724
6216TH,50.84603553,5.654348009
6216TJ,50.84648037,5.653380798
6216TK,50.84573447,5.654058222
6216TL,50.84543956,5.654351217
6216TM,50.84504242,5.654742586
6216TN,50.8469875,5.653752845
6216TP,50.84767233,5.653901133
6216TR,50.84931994,5.658009916
6216TS,50.84878728,5.654253516
6216VA,50.85074304,5.6588639
6216VB,50.85126793,5.65939118
6216VC,50.85272046,5.65886037
6216VD,50.8499528,5.65838306
6216VG,50.85302854,5.658111817
6216VH,50.85133798,5.657199717
6216VJ,50.85013988,5.657755668
6216VK,50.85001147,5.657167032
6216VL,50.84943387,5.656349837
6216VM,50.84917531,5.654443555
6216VN,50.84944833,5.6552078
6216VP,50.85007281,5.656137447
6216VR,50.84981093,5.655243705
6216VS,50.84981497,5.654263859
6216VT,50.84950075,5.653378381
6216VV,50.85054194,5.656917333
6216VW,50.85029876,5.6550806
6216VX,50.85004019,5.653292981
6216VZ,50.85050893,5.653803032
6216XB,50.85223432,5.655199615
6216XC,50.85212727,5.654658767
6216XD,50.85096384,5.654489375
6216XE,50.85082011,5.65362355
6216XG,50.85116926,5.653607267
6216XH,50.85151344,5.653632256
6216XJ,50.8518773,5.653628319
6216XK,50.85252021,5.653975175
6216XL,50.85219454,5.655885154
6216XM,50.8520277,5.656862287
6216XN,50.85219128,5.653909184
6216XP,50.85403616,5.654124036
6216XR,50.85222599,5.653004408
6216XS,50.84997239,5.652739495
6217AB,50.85714319,5.660287693
6217AC,50.85763719,5.658798575
6217AD,50.85672173,5.660255
6217AE,50.85703832,5.659313263
6217AG,50.85742329,5.658159178
6217AH,50.86086189,5.661676507
6217AJ,50.85882219,5.658082513
6217AK,50.85893177,5.658831363
6217AL,50.85818902,5.658163113
6217AM,50.85781391,5.659292865
6217AN,50.8580145,5.659543652
6217AP,50.85830671,5.659723618
6217AR,50.85852364,5.660036296
6217AS,50.85741606,5.660948204
6217AT,50.85799163,5.661290732
6217AV,50.85875066,5.66026171
6217AW,50.85944061,5.659450089
6217BA,50.8602183,5.660957313
6217BB,50.85933412,5.662152588
6217BC,50.85867053,5.662992275
6217BD,50.85995394,5.659939676
6217BE,50.8597605,5.660810896
6217BG,50.85915623,5.661266707
6217BH,50.85884685,5.661665861
6217BJ,50.85844128,5.662525521
6217BK,50.86037887,5.662172033
6217BL,50.86059469,5.661974584
6217BM,50.85995556,5.662610814
6217BN,50.86014039,5.662386113
6217BP,50.85943852,5.663092808
6217BR,50.85971316,5.662802221
6217BS,50.85913431,5.663381841
6217BT,50.86011565,5.663526374
6217BV,50.85725678,5.662440622
6217BW,50.856688,5.661880317
6217BX,50.85700123,5.661592126
6217CA,50.8563529,5.662371911
6217CB,50.8571349,5.664483333
6217CC,50.8564018,5.663480211
6217CD,50.85667844,5.663042129
6217CE,50.85819514,5.66406739
6217CG,50.85572286,5.661921718
6217CP,50.86027468,5.67098917
6217CR,50.85967026,5.669315673
6217CS,50.85931856,5.66753223
6217CT,50.860722,5.670471719
6217CV,50.86051177,5.669601046
6217CW,50.86029224,5.668758204
6217CX,50.86095753,5.666277422
6217CZ,50.85975563,5.667227337
6217EE,50.86074762,5.66720935
6217EG,50.86087554,5.666876889
6217EH,50.86092859,5.66799218
6217EJ,50.86096753,5.667637183
6217EK,50.86012319,5.668099153
6217EL,50.86113495,5.668979685
6217EM,50.86108826,5.668459293
6217EN,50.86135582,5.669620197
6217EP,50.86135022,5.66768155
6217ER,50.86194195,5.669401821
6217ES,50.86153564,5.667280668
6217ET,50.86193378,5.670988538
6217EV,50.86109511,5.671055385
6217EW,50.86158293,5.670318525
6217EZ,50.86252938,5.671226231
6217GA,50.86222591,5.669295695
6217GB,50.86183142,5.667226262
6217GD,50.86251165,5.67418091
6217GE,50.86169969,5.67560137
6217GG,50.86187873,5.672954088
6217GH,50.8615123,5.67266358
6217GJ,50.86225905,5.673930519
6217GK,50.86154912,5.675165174
6217GL,50.8617752,5.674234238
6217GM,50.86176663,5.673592625
6217GN,50.86139055,5.673989167
6217GP,50.85262237,5.671081618
6217GR,50.85416386,5.671022813
6217GS,50.85473029,5.671187863
6217GT,50.85551325,5.671304779
6217GV,50.85701493,5.671437624
6217GW,50.85897966,5.671560092
6217GX,50.86083942,5.671669514
6217GZ,50.8623911,5.671771596
6217HA,50.8528375,5.671679121
6217HB,50.85715484,5.671980947
6217HC,50.85965381,5.672107971
6217HD,50.86223641,5.672289088
6217HE,50.85551276,5.670630095
6217HG,50.85491865,5.670252688
6217HH,50.85513693,5.67039254
6217HJ,50.85444443,5.670338448
6217HK,50.85389836,5.670413447
6217HL,50.85325413,5.670464784
6217HM,50.85347071,5.6704297
6217HN,50.85406196,5.669686605
6217HP,50.85413366,5.669027106
6217HR,50.85333315,5.66929968
6217HS,50.85354127,5.669303772
6217HT,50.85416966,5.66817459
6217HV,50.85520523,5.668995019
6217HW,50.85432001,5.668009011
6217HX,50.85388195,5.66857512
6217HZ,50.85387497,5.667147667
6217JA,50.85558649,5.668732915
6217JB,50.85464698,5.667633118
6217JD,50.85207883,5.670221026
6217JE,50.85298509,5.66829509
6217JG,50.85264752,5.669904493
6217JH,50.85320322,5.668652347
6217JJ,50.85142949,5.670523637
6217JK,50.8518982,5.669723661
6217JL,50.8501432,5.671298137
6217JM,50.85030701,5.672389249
6217JN,50.8508158,5.671791683
6217JP,50.85158616,5.671579633
6217JR,50.84973801,5.6714115
6217JS,50.84940831,5.671923525
6217JT,50.85028496,5.67057168
6217JV,50.85064347,5.670016255
6217JW,50.8520728,5.668527516
6217JX,50.85241724,5.667897027
6217JZ,50.85290625,5.667229914
6217KA,50.84936732,5.675750449
6217KB,50.84924069,5.674195137
6217KC,50.84917807,5.672602688
6217KD,50.85385175,5.682812329
6217KE,50.85283381,5.681677273
6217KG,50.85209788,5.680598465
6217KH,50.8510618,5.679113694
6217KJ,50.8504608,5.678242647
6217KK,50.85143621,5.675195437
6217KL,50.85055079,5.676809758
6217KM,50.85110756,5.675138811
6217KN,50.85017325,5.676194875
6217KP,50.85072009,5.674850869
6217KR,50.85034934,5.675021255
6217KS,50.84977964,5.676023936
6217KT,50.8499736,5.674694313
6217KV,50.84995793,5.674467457
6217KW,50.85024485,5.673531557
6217KX,50.84959825,5.673674454
6217KZ,50.85013425,5.673309525
6217LA,50.85072052,5.673742793
6217LB,50.85110244,5.673849905
6217LC,50.85114929,5.674515516
6217LD,50.85136563,5.672835803
6217LE,50.85124361,5.67247473
6217LG,50.85200276,5.672411529
6217LH,50.85164275,5.672591638
6217LJ,50.8520193,5.672053431
6217LK,50.85271252,5.672874958
6217LL,50.85337151,5.67340522
6217LM,50.85222371,5.673252708
6217LN,50.85279152,5.672685196
6217LP,50.85364982,5.673022635
6217LR,50.85151693,5.673514004
6217LS,50.85174208,5.673248708
6217LT,50.85190184,5.675338796
6217LV,50.85232854,5.674947557
6217LW,50.85539064,5.673932005
6217LX,50.85362088,5.674416365
6217LZ,50.8527198,5.673968764
6217NB,50.85506517,5.67568057
6217NC,50.85498816,5.675044209
6217ND,50.85572333,5.67545007
6217NE,50.85466536,5.675863355
6217NH,50.85651475,5.672982825
6217NK,50.85719984,5.672652371
6217NN,50.85790152,5.67345889
6217NP,50.85950908,5.672631091
6217NR,50.85864996,5.672718675
6217NS,50.85742976,5.673209347
6217NV,50.85789181,5.674900824
6217NW,50.85701709,5.674046457
6217NX,50.85809247,5.674556661
6217NZ,50.8579398,5.674029075
6217PA,50.85882293,5.674154078
6217PB,50.85968908,5.675528217
6217PH,50.86052975,5.674038107
6217PJ,50.86047698,5.672409367
6217PK,50.8609285,5.674250963
6217PX,50.85376548,5.675354633
6217RA,50.85425925,5.665648036
6217VE,50.85654551,5.669248464
6217VG,50.85536985,5.664737232
6217VH,50.85536681,5.663235373
6217VJ,50.85582973,5.66236675
6217VK,50.85572456,5.663542876
6217VL,50.85614213,5.663953589
6217VM,50.85650884,5.664683089
6217VN,50.85635866,5.664315525
6217VP,50.85677062,5.665091917
6217VR,50.85704771,5.665487817
6217VT,50.85570279,5.664510231
6217VW,50.8585223,5.667743371
6217VX,50.85809702,5.667952956
6217VZ,50.85739652,5.668467582
6217XC,50.85855799,5.668679891
6217XD,50.85718931,5.669558507
6217XE,50.85851399,5.668349476
6217XG,50.85711949,5.669236943
6217XH,50.85921505,5.669302231
6217XJ,50.85870359,5.669128495
6217XK,50.85729131,5.669954814
6217XL,50.85776992,5.67012955
6217XM,50.85804866,5.670093055
6217XN,50.85844611,5.670010571
6217XP,50.85880253,5.669935356
6217XS,50.85990756,5.671044257
6217XT,50.85929797,5.670951011
6217XV,50.85858134,5.670860743
6217XW,50.85717404,5.670756845
6217XZ,50.85598871,5.670263518
6218AA,50.86255478,5.667216716
6218AG,50.85989153,5.656079115
6218AH,50.86030952,5.655924033
6218AJ,50.86063216,5.656703359
6218AK,50.86253619,5.655939758
6218AL,50.86213194,5.656320213
6218AM,50.86178923,5.656866488
6218AN,50.86129376,5.657133597
6218AP,50.86094101,5.657671717
6218AR,50.86076218,5.658008908
6218AS,50.86145211,5.65633542
6218AT,50.86131094,5.655379379
6218AV,50.86375839,5.655187752
6218AW,50.85889581,5.656183241
6218AX,50.8590445,5.656443683
6218AZ,50.86397469,5.654573612
6218BC,50.86390495,5.656218524
6218BE,50.8666577,5.657348642
6218BK,50.86421284,5.657248679
6218BP,50.86441247,5.6569437
6218BR,50.86441265,5.6569477
6218BS,50.86378826,5.657690114
6218BT,50.86398022,5.657502371
6218BV,50.86344638,5.658047458
6218BW,50.86287718,5.658632515
6218BX,50.86238144,5.65914611
6218BZ,50.86188638,5.65966149
6218CB,50.86336129,5.656425229
6218CC,50.86313699,5.657017589
6218CD,50.86288868,5.657739117
6218CE,50.8622386,5.657599697
6218CG,50.86202607,5.658186333
6218CH,50.86185126,5.658813469
6218CJ,50.86119656,5.658679554
6218CK,50.86099745,5.659242872
6218CM,50.86220046,5.662260423
6218CN,50.86237113,5.661910245
6218CP,50.86146613,5.66009062
6218CR,50.86334809,5.65932503
6218CS,50.8631249,5.659163587
6218CT,50.86212827,5.660202206
6218CV,50.86352199,5.660187232
6218CW,50.86431061,5.658771733
6218CX,50.86455068,5.659220025
6218CZ,50.86479051,5.65967015
6218DA,50.86156881,5.662554253
6218EA,50.86503254,5.660111175
6218EB,50.86438491,5.660313725
6218EC,50.8640445,5.660672317
6218ED,50.86361238,5.661121862
6218EE,50.86297499,5.661160836
6218EG,50.86255745,5.661390291
6218EH,50.86292751,5.661989369
6218EJ,50.86191877,5.662724406
6218EK,50.86212631,5.663351875
6218EL,50.86465774,5.661020528
6218EM,50.86297592,5.662705426
6218EN,50.86349903,5.663061328
6218EP,50.86455134,5.66196586
6218ER,50.86775715,5.657786783
6218ES,50.867435,5.659257593
6218ET,50.86696328,5.659696292
6218EV,50.86662059,5.661268266
6218EW,50.86637215,5.660509597
6218EX,50.86655594,5.660009714
6218GA,50.8674274,5.659866377
6218GB,50.86538253,5.66263293
6218GC,50.86386811,5.665546187
6218GD,50.86369768,5.665260688
6218GE,50.864257,5.666113847
6218GG,50.86407709,5.665919917
6218GH,50.86434433,5.666321187
6218GJ,50.86473778,5.664633233
6218GK,50.86439721,5.663445811
6218GL,50.86531329,5.663925875
6218GM,50.86575403,5.663262406
6218GN,50.86621329,5.662632438
6218GP,50.86657674,5.662107238
6218GR,50.86232256,5.664633455
6218GT,50.86620744,5.664113995
6218GV,50.86800092,5.66037584
6218GW,50.86749755,5.661402663
6218GX,50.86680143,5.662817788
6218GZ,50.86467267,5.66616652
6218HA,50.86830162,5.659646721
6218HB,50.86844549,5.65938915
6218HC,50.86861358,5.660944924
6218HD,50.86828859,5.661623494
6218HE,50.86801703,5.662226027
6218HG,50.86391211,5.668860371
6218HH,50.86420836,5.668572171
6218HJ,50.86445514,5.667722816
6218HK,50.86402893,5.669745533
6218HL,50.86614613,5.665556188
6218HM,50.86877548,5.66131955
6218HN,50.86445756,5.669501862
6218HP,50.86632617,5.666071843
6218HS,50.86498381,5.670994355
6218HT,50.86512214,5.670707378
6218HW,50.86487456,5.671919933
6218NA,50.87729556,5.672557057
6218NB,50.87896313,5.671843717
6218NC,50.8703177,5.6697707
6218ND,50.86965875,5.6689102
6218NE,50.87004744,5.669264313
6218RB,50.86131907,5.651828573
6218RC,50.86109566,5.651144111
6218RD,50.86088779,5.650464574
6218RE,50.86065618,5.649807135
6218RG,50.86041179,5.649151825
6218RH,50.86025159,5.648590331
6218RJ,50.85896035,5.6440013
6218RK,50.86269026,5.64632562
6218RL,50.86292667,5.646988733
6218RM,50.86316016,5.647656835
6218RN,50.86307478,5.64958885
6218RP,50.86357057,5.648981882
6218RR,50.86270567,5.64865017
6218RS,50.86216642,5.647150595
6218RT,50.86258329,5.647651787
6218RV,50.86251421,5.649714055
6218RW,50.86174528,5.647649623
6218RX,50.8626665,5.649398264
6218RZ,50.86191653,5.647359913
6218SB,50.86266988,5.653450225
6218SC,50.86292624,5.653597637
6218SE,50.86042057,5.64673725
6218SG,50.86234962,5.645895117
6218SH,50.86196862,5.645754714
6218SJ,50.86237604,5.650914662
6218SK,50.86310548,5.652006958
6218SL,50.86225727,5.649963627
6218SM,50.8613591,5.648357643
6218SN,50.8601245,5.655075717
6218SP,50.86066753,5.654510758
6218SR,50.86120079,5.653206836
6218ST,50.8600391,5.654405467
6218SV,50.86107114,5.654094783
6218SW,50.86160657,5.653315457
6218SX,50.86184702,5.653859033
6218SZ,50.86206733,5.654390275
6218TA,50.86229628,5.654941521
6218TB,50.86297088,5.655573194
6218TC,50.86310148,5.650778725
6218TD,50.86337537,5.651786983
6218TE,50.86351637,5.651470578
6218TG,50.86375841,5.651221472
6218TH,50.86389466,5.65088715
6218TJ,50.86415381,5.650624411
6218TK,50.86432223,5.650368538
6218TL,50.86422244,5.648973446
6218VA,50.86523289,5.652272771
6218VB,50.86652314,5.654760194
6218VC,50.86321733,5.653357629
6218VD,50.86522063,5.656289089
6218VG,50.86467044,5.656449856
6218VH,50.8633008,5.654399847
6218VJ,50.86416863,5.651940824
6218VK,50.86480254,5.653243095
6218VL,50.86485367,5.653387392
6218VM,50.86546423,5.653531606
6218VN,50.86470452,5.654321739
6218VP,50.8649404,5.653553625
6218VR,50.86566978,5.65421115
6218VS,50.86487397,5.655039933
6218VT,50.86522483,5.654248063
6218VV,50.86580666,5.654627921
6218VW,50.86462374,5.655856414
6218VX,50.86554126,5.652118956
6218VZ,50.86628471,5.6523578
6218WB,50.86513992,5.649269854
6218WC,50.86506539,5.649294578
6218WD,50.86424811,5.647104281
6218WE,50.86412683,5.64721719
6218WG,50.86357747,5.645102757
6218WH,50.86345536,5.64519242
6218XA,50.86608299,5.651872358
6218XB,50.86587916,5.651381942
6218XC,50.86584237,5.650815971
6218XD,50.86683124,5.653584943
6218XG,50.86668898,5.653250742
6218XX,50.86701886,5.6538404
6218XZ,50.86708115,5.6534132
6219AA,50.86263556,5.688189548
6219AB,50.86084722,5.6892198
6219AC,50.86703299,5.685427143
6219AD,50.86123124,5.69107924
6219AE,50.86061173,5.690136978
6219AG,50.86166105,5.69117605
6219AH,50.8614347,5.690791387
6219AJ,50.86142137,5.690058355
6219AK,50.8626114,5.692251467
6219AL,50.86083507,5.689680556
6219AM,50.8612539,5.690368056
6219AN,50.86114451,5.689931607
6219AP,50.86182038,5.689579191
6219AR,50.86193681,5.689350994
6219AS,50.86178813,5.689418429
6219AT,50.86211366,5.69036585
6219AV,50.86233384,5.689702517
6219AW,50.86242317,5.691636376
6219AX,50.86330987,5.6893054
6219AZ,50.86266023,5.692302844
6219BA,50.8639154,5.691358564
6219BB,50.86322166,5.691084957
6219BC,50.86332283,5.690485445
6219BD,50.86390115,5.68999371
6219BE,50.86395581,5.688667538
6219BG,50.86436519,5.69060294
6219BH,50.86449205,5.690305315
6219BJ,50.8644542,5.689572017
6219BK,50.86458728,5.689257588
6219BM,50.86506021,5.690594207
6219BN,50.86521375,5.689326607
6219BP,50.86399709,5.691971396
6219BR,50.86411002,5.692736465
6219BS,50.86396186,5.6933704
6219BT,50.86373273,5.69413435
6219BV,50.86351846,5.69376331
6219BW,50.86291389,5.691852324
6219BX,50.86280085,5.6924677
6219BZ,50.86299683,5.6926706
6219CZ,50.86424657,5.688168544
6219NA,50.87110262,5.68421026
6219NB,50.86792434,5.689552387
6219ND,50.87519451,5.680625976
6219NE,50.86523194,5.687164091
6219NG,50.87979799,5.678227879
6219NK,50.87937317,5.677446867
6219NL,50.8798846,5.6760316
6219NM,50.86473545,5.686110386
6219NN,50.86544963,5.68537421
6219NP,50.86999846,5.672973348
6219NW,50.86254877,5.681287167
6219PE,50.85546673,5.682354613
6221AB,50.85859656,5.700323078
6221AC,50.85049535,5.69962725
6221AD,50.85221833,5.698618564
6221AE,50.85655311,5.699440875
6221AG,50.85460933,5.699261169
6221AH,50.85324158,5.698935581
6221AK,50.85309,5.699477164
6221AL,50.85347536,5.700593614
6221AM,50.85290504,5.700736561
6221AN,50.85209623,5.699924178
6221AP,50.85200375,5.700651545
6221AR,50.8519078,5.702109477
6221AS,50.85220985,5.701238018
6221AT,50.85182672,5.701159992
6221AV,50.85111269,5.70233866
6221AW,50.85057286,5.700197906
6221AX,50.85141756,5.7024408
6221AZ,50.85101785,5.698910394
6221BA,50.85111869,5.699280586
6221BB,50.853658,5.7024637
6221BC,50.85283065,5.702985364
6221BD,50.85135236,5.703803862
6221BE,50.85173154,5.699483936
6221BG,50.85010745,5.701993667
6221BH,50.848381,5.702866469
6221BJ,50.84772113,5.703180008
6221BK,50.85065467,5.700792241
6221BL,50.84848079,5.702158641
6221BM,50.84949912,5.704053761
6221BN,50.84943659,5.702458291
6221BP,50.84982578,5.703849232
6221BR,50.84972597,5.701899911
6221BS,50.84834679,5.705233753
6221BV,50.84866113,5.704173641
6221BW,50.8485024,5.7002722
6221BX,50.8487876,5.703557996
6221BZ,50.84866442,5.700257022
6221CA,50.85070779,5.703120548
6221CB,50.84980301,5.703018422
6221CC,50.8482024,5.704258557
6221CD,50.85034709,5.702815603
6221CE,50.84855196,5.7037053
6221CG,50.84777842,5.704020976
6221CH,50.84899895,5.701316787
6221CJ,50.85004013,5.70036318
6221CK,50.84800467,5.70166964
6221CL,50.84746101,5.704617835
6221CM,50.84677966,5.701553221
6221CN,50.84716396,5.700978026
6221CP,50.84732428,5.699304554
6221CR,50.84738189,5.701166191
6221CS,50.84748707,5.699606921
6221CT,50.8496151,5.699586236
6221CV,50.84780518,5.699637286
6221CW,50.84936515,5.699252481
6221CX,50.84819759,5.699281346
6221CZ,50.84806314,5.700314633
6221DB,50.84725729,5.702290965
6221EA,50.84938238,5.700368359
6221EB,50.84937125,5.698646123
6221EC,50.84962584,5.700122663
6221ED,50.84956172,5.698399128
6221EE,50.84998131,5.698610726
6221EG,50.84887105,5.698406384
6221EH,50.84801618,5.698406561
6221EJ,50.84999722,5.698362144
6221EK,50.84890015,5.698139222
6221EL,50.84809799,5.6981145
6221EM,50.85036794,5.69795931
6221EN,50.85006085,5.6975436
6221EP,50.8498166,5.697917025
6221ER,50.84878358,5.697846711
6221ET,50.84899244,5.698782344
6221EV,50.84759004,5.698015091
6221EW,50.84726544,5.698699181
6221EZ,50.84911771,5.697610416
6221GA,50.84815191,5.697499117
6221GB,50.84751817,5.698147157
6221GD,50.84661913,5.705877526
6221GE,50.84499741,5.705751768
6221GG,50.84370605,5.70490616
6221GH,50.84302463,5.704608714
6221GJ,50.84618784,5.705582794
6221GK,50.84386754,5.7074338
6221HA,50.84477969,5.705902445
6221HB,50.84477627,5.705897196
6221HC,50.84469816,5.706384541
6221HD,50.84500142,5.70513156
6221HE,50.84496499,5.706959996
6221HG,50.84512923,5.706051938
6221HH,50.84564259,5.707003889
6221HJ,50.84563803,5.7070023
6221JA,50.84707348,5.704032281
6221JB,50.846706,5.704184969
6221JC,50.84640199,5.70433155
6221JD,50.8458718,5.706395052
6221JE,50.84412756,5.703670992
6221JG,50.84335073,5.703481422
6221JH,50.84625139,5.705408689
6221JJ,50.84613446,5.704023062
6221JK,50.8457843,5.704334755
6221JL,50.84566596,5.702827205
6221JM,50.84520158,5.703985622
6221JN,50.84646208,5.703785415
6221JP,50.84649902,5.700067344
6221JR,50.84475317,5.704258113
6221KM,50.84401846,5.701735225
6221KN,50.84432325,5.700689252
6221KR,50.84487413,5.701527974
6221KS,50.8443862,5.701172713
6221KT,50.84554867,5.701437375
6221KV,50.8458438,5.702328512
6221KZ,50.84331972,5.701970031
6221SG,50.84197154,5.705552765
6221SJ,50.84098967,5.712283092
6221SK,50.8406913,5.708116152
6221SP,50.84132712,5.705486757
6221SR,50.84137689,5.706626405
6221ST,50.84176583,5.706962061
6221SW,50.84111097,5.708534545
6221SX,50.84207589,5.708663445
6221SZ,50.84106152,5.709769741
6221TA,50.84215984,5.705680344
6221TB,50.84140872,5.712414389
6221TC,50.84165853,5.712518525
6221TD,50.84130427,5.711426028
6221TE,50.84173299,5.7111167
6221TG,50.84206584,5.712125985
6221TH,50.84226988,5.711086285
6221TJ,50.84242688,5.710821932
6221TK,50.84290476,5.710698928
6221TM,50.84321992,5.709756973
6221TN,50.84283182,5.709327241
6221TP,50.84344024,5.7100246
6221TR,50.84356138,5.708825232
6221TS,50.84481301,5.708025236
6221TT,50.84428316,5.709153019
6221TV,50.84385535,5.709192161
6221TW,50.84356269,5.7104225
6221TX,50.84285561,5.711764986
6221TZ,50.84185255,5.713235785
6221VA,50.84653416,5.706621212
6221VB,50.84426396,5.707957927
6221VC,50.84335552,5.708253495
6221VD,50.84247904,5.708569633
6221VE,50.84439469,5.707460044
6221VG,50.84313971,5.70788495
6221VH,50.84317937,5.7074372
6221VJ,50.84286905,5.707222071
6221VK,50.84337759,5.706534788
6221VM,50.84224232,5.70697815
6221VN,50.84253931,5.705826513
6221VP,50.84259113,5.706898881
6221VR,50.84373778,5.706341258
6221VS,50.84238446,5.705034948
6221VT,50.844221,5.706400125
6221VV,50.84319364,5.70519451
6221VW,50.84431368,5.705564473
6221VX,50.85206071,5.702775656
6221VZ,50.85226509,5.702755953
6221XA,50.8529442,5.702296307
6221XB,50.85249634,5.70256899
6221XC,50.85262244,5.702193293
6221XD,50.85306731,5.702041329
6221XE,50.8532131,5.701824227
6221XG,50.85354844,5.701909936
6221XH,50.85381953,5.701500323
6221XJ,50.85369248,5.699798444
6221XK,50.85401972,5.70072287
6221XL,50.85463417,5.701186831
6221XM,50.85508595,5.701223108
6221XN,50.85451203,5.700659658
6221XP,50.85503803,5.700007233
6221XR,50.85506806,5.70076012
6221XS,50.85520132,5.70088342
6221XT,50.8558037,5.7000306
6221XV,50.85554724,5.700226484
6221XW,50.85563998,5.701010909
6221XX,50.85613954,5.7003022
6221XZ,50.85632878,5.700314068
6221ZB,50.85444309,5.699993385
6222AA,50.86417927,5.700078145
6222AE,50.86599929,5.715142317
6222AG,50.86350757,5.712703647
6222AH,50.86180922,5.711458288
6222AJ,50.86041233,5.710470886
6222AK,50.86493467,5.713214378
6222AL,50.86157742,5.710800364
6222AM,50.87289896,5.724601474
6222AP,50.86077951,5.708831454
6222AR,50.86039041,5.708469421
6222AS,50.86040513,5.70875263
6222AT,50.86034133,5.70932846
6222BA,50.86281139,5.71081005
6222BB,50.86172527,5.709755747
6222BC,50.8609784,5.709845953
6222BD,50.8672322,5.705952063
6222BE,50.86593617,5.708417833
6222BG,50.86662623,5.706120283
6222BH,50.86587956,5.707299576
6222BJ,50.8650846,5.708557194
6222BL,50.86659769,5.709299929
6222BM,50.86703181,5.708979146
6222BN,50.86655943,5.709500258
6222BP,50.86662305,5.710276954
6222BR,50.86592247,5.709521936
6222BS,50.8664352,5.709682633
6222BT,50.86783886,5.709213143
6222BV,50.86884718,5.706702838
6222BW,50.8680426,5.70940055
6222BX,50.86782551,5.70562565
6222BZ,50.8676854,5.708819927
6222CA,50.86742988,5.708524625
6222CB,50.86686599,5.707821025
6222CC,50.86666791,5.7076799
6222CD,50.86742308,5.707773989
6222CE,50.86767153,5.707650937
6222CG,50.86776785,5.707447013
6222CH,50.86749384,5.706722239
6222CJ,50.86814341,5.707096347
6222CL,50.86491186,5.706822229
6222CM,50.86482577,5.70648103
6222CN,50.86631616,5.70545453
6222CP,50.8653814,5.707043975
6222CR,50.86469266,5.7084444
6222CS,50.86525156,5.706602849
6222CT,50.8640028,5.709043717
6222CX,50.86414301,5.707760712
6222CZ,50.86456715,5.705999767
6222EA,50.8650826,5.70554705
6222EB,50.86407966,5.704754347
6222EC,50.86483208,5.705028375
6222ED,50.86330297,5.704006609
6222EG,50.86298393,5.705639867
6222EH,50.86409393,5.707059191
6222EJ,50.86317492,5.706315633
6222EK,50.86387509,5.70657601
6222EL,50.86324923,5.706055217
6222EM,50.86530696,5.704612368
6222EP,50.86367726,5.7054319
6222NA,50.8708307,5.70730033
6222NE,50.87174866,5.710362707
6222NG,50.86906864,5.711943281
6222NZ,50.87569615,5.714087285
6222PD,50.89023884,5.7190198
6222PE,50.88260547,5.72514
6222PG,50.88104632,5.72924916
6222PH,50.87561817,5.731672167
6222SG,50.86730285,5.719366782
6222SH,50.86581576,5.719340192
6222SJ,50.86438531,5.718478122
6222SK,50.86510147,5.71864553
6222SM,50.8663069,5.718562227
6222SN,50.86685883,5.718715377
6222SP,50.86626252,5.717903892
6222SR,50.86697428,5.718502473
6222ST,50.86631388,5.717588421
6222SV,50.86735133,5.71844962
6222SW,50.86655665,5.717241644
6222SX,50.86671261,5.717096663
6222TB,50.86713777,5.716697757
6222TC,50.86701244,5.716446914
6222TD,50.86472356,5.717639935
6222TE,50.86605545,5.715594271
6222TG,50.86612799,5.716422908
6222TJ,50.86363618,5.717426906
6222TL,50.86409824,5.71721347
6222TM,50.86356621,5.716448005
6222TN,50.86431424,5.716399033
6222TP,50.86383447,5.715658593
6222TR,50.86393015,5.7152016
6222TS,50.86491094,5.715685867
6222TT,50.86415421,5.715020733
6222TV,50.86497394,5.715165636
6222TW,50.86423154,5.714561125
6222TX,50.86520205,5.715008255
6222TZ,50.86441963,5.714182368
6222VB,50.86274853,5.715119795
6222VC,50.86257327,5.71549893
6222VD,50.86331606,5.713504342
6222VE,50.86367659,5.714503707
6222VG,50.86396874,5.713572163
6222VH,50.86322293,5.715453016
6222VJ,50.86294573,5.714386362
6222VK,50.86212008,5.714801925
6222VL,50.86292247,5.713353757
6222VM,50.86294633,5.713730462
6222VR,50.86220678,5.713834988
6222VV,50.86139176,5.7140339
6222VW,50.86027581,5.712954019
6222VX,50.86149283,5.713767979
6222VZ,50.86027182,5.712590465
6222WB,50.86146478,5.71318731
6222WD,50.86092362,5.712490545
6222WE,50.86072181,5.711474555
6222WH,50.86097261,5.711955836
6222WJ,50.86133224,5.711675767
6222WK,50.86129865,5.711195238
6222WL,50.86119027,5.711207655
6222XD,50.86011754,5.7114588
6222XE,50.86035186,5.711725762
6222XG,50.85941287,5.711614731
6222XH,50.85963302,5.710718622
6222XJ,50.85976025,5.710185925
6222XK,50.85985297,5.71137726
6222XL,50.8625473,5.716622367
6222XM,50.86210028,5.716057825
6222XN,50.86156246,5.715538208
6222XP,50.86111586,5.714977325
6222XR,50.86062072,5.71450341
6222XS,50.86016351,5.713942921
6222XT,50.85969458,5.713449475
6222XV,50.85936727,5.713095075
6222XW,50.86226172,5.715293746
6222XX,50.86101209,5.714257378
6222XZ,50.85998416,5.713050121
6223AB,50.86921757,5.6984928
6223AC,50.87427947,5.689557967
6223AD,50.87486403,5.6878192
6223AE,50.87468334,5.687856429
6223AG,50.87566069,5.68865969
6223AH,50.87508247,5.689473469
6223AJ,50.87512765,5.689155116
6223AK,50.87626828,5.689611125
6223AL,50.87606365,5.6894907
6223AM,50.87596373,5.690838242
6223AN,50.87514219,5.690723082
6223AP,50.87487045,5.691451525
6223AR,50.87562438,5.691480971
6223AS,50.87673336,5.690792629
6223AT,50.87659699,5.690611687
6223AV,50.87713267,5.691757933
6223AW,50.87724374,5.692965792
6223AX,50.87852338,5.6925281
6223AZ,50.87772635,5.692179578
6223BA,50.87825939,5.691454265
6223BB,50.87806666,5.690887491
6223BC,50.87762822,5.69102076
6223BD,50.87690182,5.6889257
6223BE,50.87641259,5.688788709
6223BG,50.87759846,5.690276524
6223BH,50.87629648,5.686887133
6223BJ,50.8771842,5.68718797
6223BK,50.87701297,5.688442059
6223BL,50.87803031,5.689286687
6223BM,50.87897225,5.690443155
6223BR,50.87925927,5.68553388
6223BS,50.87939211,5.685814742
6223BT,50.87876172,5.685224422
6223BV,50.87891388,5.684477
6223BW,50.88041046,5.683030973
6223CA,50.87907151,5.68711485
6223CG,50.87987259,5.687008662
6223CH,50.88110589,5.68518844
6223CJ,50.87945955,5.686601393
6223CK,50.88087041,5.684702429
6223CL,50.88027399,5.687759559
6223CM,50.88084937,5.687279945
6223CN,50.88123535,5.68663745
6223CP,50.88114162,5.686151442
6223CR,50.88181598,5.685776667
6223CS,50.88088622,5.68822974
6223CT,50.88170082,5.686593922
6223EA,50.88198199,5.683985891
6223EB,50.88182155,5.684313968
6223EC,50.88071879,5.683652614
6223ED,50.88077479,5.68399344
6223EE,50.88003914,5.684555309
6223EG,50.8839407,5.6972183
6223ET,50.89529248,5.706574881
6223EV,50.89516618,5.705909361
6223GA,50.89569935,5.7076498
6223GB,50.89563245,5.707287153
6223GC,50.89536941,5.709202052
6223GD,50.89543336,5.708565892
6223GE,50.89535831,5.708154814
6223GG,50.8956562,5.708900383
6223GH,50.89530883,5.708567947
6223GL,50.89548152,5.704635429
6223GM,50.89515202,5.704614729
6223GN,50.89628854,5.703788032
6223GP,50.89593804,5.704787624
6223GR,50.89661173,5.707059211
6223GS,50.89657067,5.708380342
6223GT,50.89711116,5.70449227
6223GW,50.899639,5.698703525
6223GX,50.89878528,5.70087241
6223GZ,50.89850537,5.700827475
6223HA,50.89764816,5.697920673
6223HB,50.8981852,5.698095004
6223HC,50.89758383,5.696587953
6223HD,50.89848023,5.700026939
6223HE,50.89777365,5.69941064
6223HG,50.89725488,5.699053592
6223HV,50.9007405,5.71454375
6224AC,50.85807612,5.708574079
6224AD,50.85663039,5.707463975
6224AE,50.85493325,5.706236247
6224AG,50.85347633,5.705578947
6224AH,50.85187513,5.706446604
6224AJ,50.85048523,5.706976457
6224AK,50.84834333,5.707270054
6224AL,50.85550225,5.70610675
6224AM,50.85243111,5.707861197
6224AN,50.85535687,5.7068609
6224AP,50.85454069,5.707679888
6224AR,50.85496136,5.707364478
6224AS,50.85557883,5.707742013
6224AT,50.85610037,5.708071343
6224AV,50.85616149,5.708610941
6224AW,50.85602755,5.709148694
6224AX,50.85566091,5.709595403
6224AZ,50.85483081,5.70962895
6224BA,50.85339012,5.70921457
6224BB,50.85262579,5.70885092
6224BC,50.85342562,5.708639958
6224BD,50.85416188,5.708369027
6224BE,50.85293469,5.70821127
6224BG,50.8541812,5.709567047
6224BH,50.85325936,5.70959918
6224BJ,50.85250719,5.7098466
6224BK,50.85319666,5.706812683
6224BL,50.853526,5.705942463
6224BM,50.85296982,5.706587794
6224BP,50.85253234,5.707024674
6224BR,50.8528059,5.707654938
6224BS,50.85200659,5.707460919
6224BT,50.85214468,5.707029354
6224BW,50.85162523,5.708607527
6224BX,50.85143505,5.7075715
6224BZ,50.85161597,5.707606922
6224CA,50.85125862,5.707739133
6224CB,50.85082672,5.70766578
6224CC,50.84966796,5.708976005
6224CD,50.84891355,5.708644847
6224CE,50.84940275,5.707844037
6224CG,50.84889573,5.707601471
6224CM,50.85444573,5.711044162
6224CP,50.85107572,5.711527935
6224CR,50.8563678,5.711093821
6224CS,50.85398688,5.710292371
6224CT,50.8535627,5.71032355
6224CV,50.85312888,5.71036536
6224CW,50.85259396,5.710371963
6224DA,50.84501714,5.7190825
6224DB,50.84501697,5.7190885
6224DC,50.84729994,5.718347974
6224DD,50.84456077,5.71945274
6224DZ,50.85445773,5.70774495
6224EB,50.84874105,5.709494559
6224EC,50.84944217,5.70925245
6224ED,50.84965242,5.709889454
6224EE,50.8496737,5.710344765
6224EG,50.84967661,5.710557571
6224EH,50.84908196,5.711569647
6224EK,50.85228396,5.713877016
6224EL,50.85256657,5.714207938
6224EM,50.85254012,5.7119899
6224EN,50.85521412,5.714764955
6224EP,50.85415669,5.713476587
6224ER,50.8531851,5.712680778
6224ES,50.85529803,5.714131995
6224ET,50.85370786,5.712632365
6224EV,50.85341627,5.714208357
6224EW,50.85419675,5.714303763
6224EX,50.85332966,5.713618529
6224EZ,50.85360608,5.714308775
6224GA,50.85370735,5.714825147
6224GB,50.85321385,5.714507407
6224GC,50.85210906,5.71488129
6224GD,50.85179722,5.714393627
6224GE,50.8514362,5.71500315
6224GJ,50.85173711,5.713496678
6224GK,50.85191796,5.71290016
6224GL,50.85153712,5.717137855
6224GM,50.85084398,5.714964051
6224GN,50.85030431,5.713515114
6224GP,50.84990743,5.712334694
6224GR,50.85171941,5.716968941
6224GS,50.85102805,5.714765882
6224GT,50.85055247,5.713520324
6224GV,50.85014765,5.712249157
6224GW,50.85151112,5.718196996
6224GX,50.85064265,5.718439181
6224GZ,50.84960233,5.71845942
6224HA,50.85091876,5.717585867
6224HB,50.85059951,5.715984427
6224HC,50.85126457,5.717506754
6224HD,50.85078229,5.715818846
6224HE,50.8505945,5.717725286
6224HG,50.8504305,5.7169466
6224HH,50.85030803,5.71615221
6224HL,50.85023689,5.7150859
6224HM,50.84990246,5.717682968
6224HN,50.84977239,5.71621024
6224HP,50.84999503,5.716447618
6224HR,50.8493161,5.717202672
6224HT,50.85030663,5.714225411
6224HV,50.84941888,5.714694738
6224HW,50.8500775,5.7141399
6224HX,50.84935052,5.714492418
6224JA,50.84866286,5.718494944
6224JB,50.84868173,5.716285131
6224JC,50.84835939,5.7137774
6224JD,50.84782539,5.709154562
6224JE,50.84765255,5.708211083
6224JG,50.84900626,5.719133042
6224JH,50.84905514,5.716700272
6224JJ,50.84874445,5.714152706
6224JK,50.84807033,5.708595122
6224JL,50.84791923,5.716263136
6224JM,50.84775142,5.71523199
6224JN,50.84776795,5.713757676
6224JP,50.84716904,5.714328257
6224JR,50.84667575,5.714468525
6224JS,50.84698584,5.71540969
6224JT,50.84632954,5.71406915
6224JV,50.84712744,5.716687893
6224JX,50.84567339,5.717693278
6224JZ,50.84535128,5.719280988
6224KA,50.84568349,5.713427553
6224KB,50.84544799,5.713763543
6224KC,50.84521908,5.71409787
6224KD,50.84659864,5.710944166
6224KE,50.84640021,5.71097015
6224KG,50.84639761,5.7112903
6224KH,50.84643087,5.711601571
6224KJ,50.84649499,5.71190815
6224KK,50.84647889,5.712271129
6224KL,50.84632446,5.712496407
6224KM,50.84617886,5.712706729
6224KN,50.8460337,5.712917986
6224KP,50.84667266,5.71356105
6224KR,50.84690705,5.713143036
6224KS,50.84713702,5.71286826
6224KT,50.84736716,5.712938452
6224KV,50.84777047,5.7120397
6224KW,50.84719086,5.71134918
6224KX,50.84718884,5.711345267
6224KZ,50.8471866,5.711340912
6224LA,50.84600851,5.709043844
6224LB,50.84531533,5.711004504
6224LC,50.84505479,5.712425029
6224LD,50.8449219,5.71355745
6224LE,50.84583054,5.708617061
6224LG,50.84579546,5.70938749
6224LH,50.84483166,5.711278078
6224LJ,50.84463953,5.713915642
6224LK,50.8459181,5.709843514
6224LL,50.84563727,5.711746533
6224LM,50.8458368,5.710586067
6224LN,50.84584355,5.712114893
6224LP,50.84605406,5.710815936
6224LR,50.84523729,5.7132719
6224LS,50.84295522,5.7139084
6224LW,50.84675472,5.708392916
6224LX,50.84663755,5.709237279
6224TA,50.85359138,5.715749086
6224TB,50.85375633,5.715350571
6224TD,50.8524779,5.716209723
6224TE,50.85189732,5.715655694
6224TG,50.85203029,5.716804316
6224TH,50.85237808,5.716789169
6224TK,50.85292016,5.716140791
6224TL,50.85312382,5.71544806
6224TN,50.85429997,5.715700679
6224TP,50.85368996,5.71654455
6224TR,50.85247976,5.717503331
6224TV,50.85680428,5.714072733
6224TW,50.8562718,5.714491104
6224TX,50.85571643,5.7149522
6224TZ,50.85497989,5.715544593
6224VB,50.85585096,5.713274535
6224VC,50.85499041,5.714654422
6224VD,50.85583329,5.71280725
6224VE,50.85504668,5.714163321
6224VG,50.85582084,5.71226008
6224VH,50.85561736,5.7121362
6224VK,50.85552144,5.712726031
6224VL,50.85610632,5.71281572
6224VM,50.85642827,5.713745177
6224VN,50.85541815,5.7134072
6224VP,50.8564635,5.713410643
6224VR,50.85543839,5.713150362
6224VS,50.85476414,5.713223983
6224VT,50.85487788,5.712083508
6224VV,50.85470224,5.71254404
6224VW,50.85409961,5.712433661
6224VX,50.8542126,5.712029105
6224XB,50.85606783,5.712273593
6224XD,50.85542432,5.71159674
6224XE,50.85419889,5.711602845
6224XG,50.85691334,5.708973403
6224XH,50.85780622,5.709892008
6224XJ,50.85671418,5.709957006
6224XK,50.85770689,5.71039304
6224XM,50.85796175,5.711484933
6224XN,50.8588825,5.709650267
6224XS,50.85835464,5.709587367
6224XV,50.85753804,5.709029212
6224XW,50.85775995,5.708882126
6224XX,50.85699192,5.708531433
6224XZ,50.85654153,5.708321819
6225AA,50.85808379,5.730009986
6225AB,50.85847227,5.726860563
6225AC,50.86014597,5.728395809
6225AD,50.85731857,5.731020336
6225AE,50.85962585,5.730997029
6225AG,50.86042162,5.726548364
6225AH,50.86250937,5.727413238
6225AJ,50.8585991,5.731469187
6225AK,50.86106472,5.731784607
6225AL,50.86166697,5.734893346
6225AM,50.86179923,5.737715335
6225AN,50.86144593,5.7346836
6225AP,50.86159886,5.737096858
6225AR,50.86196923,5.727855993
6225AS,50.86301518,5.728249728
6225AT,50.86523292,5.727711218
6225AV,50.86715946,5.728592193
6225AW,50.86836152,5.730845576
6225AX,50.86364834,5.730057129
6225AZ,50.86408572,5.731004664
6225BA,50.86262475,5.730821041
6225BB,50.86522916,5.730717252
6225BC,50.86728512,5.73099065
6225BD,50.8625152,5.7314844
6225BE,50.86456812,5.7311183
6225BG,50.86287162,5.730297744
6225BH,50.86325494,5.730226076
6225BJ,50.86233077,5.729356842
6225BK,50.86417932,5.728691333
6225BL,50.86568551,5.727979768
6225BM,50.86247373,5.72985535
6225BN,50.86517184,5.728610006
6225BP,50.86573206,5.729581044
6225BR,50.86554517,5.730366017
6225BS,50.86498275,5.730190995
6225BV,50.86634003,5.729388505
6225BW,50.86611564,5.729488953
6225CA,50.86699823,5.729282157
6225CB,50.86690582,5.730104208
6225CC,50.86672119,5.7290075
6225CD,50.86664012,5.730071817
6225CE,50.86734079,5.730151689
6225CG,50.86722746,5.732484375
6225CH,50.86871375,5.732341018
6225CJ,50.86637088,5.731975129
6225CM,50.86770013,5.731592363
6225CN,50.86645302,5.73144526
6225CP,50.86504215,5.731649456
6225DA,50.86144044,5.726772586
6225DB,50.86112799,5.727907189
6225DC,50.8610294,5.728721608
6225DD,50.8601478,5.7304838
6225DE,50.85951442,5.72603904
6225DG,50.85924153,5.728496329
6225DH,50.85851274,5.729767785
6225DK,50.86061962,5.730435078
6225DL,50.86124768,5.730868593
6225DN,50.86119182,5.73126785
6225DR,50.85730948,5.7299394
6225EA,50.86274992,5.732184939
6225EB,50.86528744,5.732614627
6225EC,50.86679337,5.732784115
6225ED,50.86894701,5.733062059
6225EE,50.86281924,5.732736866
6225EG,50.86491186,5.733020173
6225EH,50.86718926,5.733120607
6225EJ,50.87013667,5.733549981
6225EK,50.86676919,5.734299213
6225EL,50.86578094,5.734412014
6225EM,50.86324028,5.731496137
6225EP,50.86683653,5.733658235
6225ER,50.86837886,5.735954859
6225ES,50.86895325,5.737534925
6225ET,50.86916921,5.736386667
6225EV,50.86974475,5.736261883
6225EW,50.87039373,5.736917633
6225GA,50.86656362,5.737109127
6225GB,50.86728044,5.736579712
6225GC,50.86606522,5.735590936
6225GD,50.86567571,5.735951657
6225GE,50.86573438,5.73492747
6225GG,50.86586153,5.735448888
6225GH,50.86591486,5.735035061
6225GJ,50.86512815,5.735059675
6225GK,50.86456621,5.735814267
6225GL,50.86485074,5.736326207
6225GM,50.86450563,5.734128933
6225GN,50.86433516,5.7336573
6225GP,50.86414115,5.734445471
6225GR,50.86370459,5.734337464
6225GS,50.86399324,5.737423023
6225GT,50.86297266,5.736352652
6225GV,50.86256268,5.735920909
6225GW,50.86256699,5.737381098
6225GX,50.86272865,5.734059988
6225GZ,50.86257861,5.733474322
6225HC,50.86554148,5.736645895
6225HD,50.86342502,5.735366367
6225HE,50.86296851,5.735511933
6225HG,50.86266324,5.73556044
6225HH,50.86417335,5.7361182
6225HJ,50.86401076,5.735486529
6225HK,50.86709004,5.737761662
6225HL,50.86741054,5.738824558
6225HM,50.86377703,5.736345664
6225HN,50.86569133,5.738518975
6225JK,50.85748212,5.733246964
6225JL,50.85804262,5.733284214
6225JM,50.85838376,5.733082711
6225JN,50.85913956,5.733372155
6225JS,50.8585707,5.733815989
6225JT,50.85965429,5.732470164
6225JW,50.86071713,5.733339423
6225KB,50.86054043,5.736525411
6225KC,50.86017013,5.73647631
6225KD,50.86069894,5.738142444
6225KE,50.85954866,5.737258558
6225KG,50.85861207,5.735583752
6225KH,50.85861165,5.736389991
6225KJ,50.85855242,5.737565557
6225KK,50.85755191,5.736671189
6225KL,50.85708556,5.735527567
6225KM,50.85697937,5.736608314
6225KN,50.85691092,5.73767908
6225NB,50.86055906,5.738543286
6225NC,50.8630038,5.740227725
6225ND,50.86661466,5.7533842
6225XP,50.8564321,5.724463808
6225XX,50.85709541,5.721784914
6225XZ,50.85515928,5.720908442
6226AA,50.85241133,5.7200671
6226AB,50.852062,5.718795147
6226AC,50.85261135,5.719800564
6226AD,50.85228653,5.71876645
6226AE,50.85115527,5.718732337
6226AG,50.84958411,5.71968772
6226AH,50.85208538,5.720108215
6226AJ,50.85181892,5.719681525
6226AK,50.85188127,5.721311276
6226AL,50.85163012,5.719484621
6226AM,50.85132431,5.71955016
6226AN,50.85144554,5.720675372
6226AP,50.85110852,5.719803344
6226AT,50.84998709,5.72183557
6226AV,50.85179115,5.728096382
6226AW,50.85374289,5.728872606
6226AX,50.85213988,5.728528133
6226AZ,50.8534185,5.729092581
6226BA,50.85032436,5.728075022
6226BB,50.84987928,5.725643894
6226BC,50.84916555,5.722131424
6226BD,50.85082468,5.728021867
6226BE,50.84986555,5.723516321
6226BG,50.84930387,5.721405567
6226BH,50.84896209,5.723608217
6226BJ,50.84902707,5.725198676
6226BK,50.84929163,5.726998173
6226BL,50.84881568,5.7258593
6226BN,50.84833288,5.72464426
6226BP,50.84815913,5.7267918
6226BR,50.84726341,5.725710205
6226BS,50.84810121,5.722738745
6226BT,50.84752249,5.726657669
6226BV,50.84854398,5.722270762
6226CA,50.84511845,5.719819067
6226CB,50.84729876,5.719220486
6226CC,50.8459329,5.72003317
6226CD,50.84761516,5.71934475
6226CE,50.8476181,5.720024182
6226CG,50.84739875,5.721237354
6226CH,50.84707029,5.720866235
6226CJ,50.84654516,5.720378185
6226CK,50.84609193,5.721970655
6226CL,50.84598736,5.723563058
6226CM,50.84556938,5.726623514
6226CN,50.84694336,5.721478763
6226CP,50.84632922,5.725028753
6226CR,50.84736389,5.721239537
6226CS,50.84661665,5.725126223
6226CT,50.84739506,5.721733941
6226CV,50.8470906,5.723805178
6226CW,50.84706392,5.723348308
6226CX,50.84711381,5.724543162
6226CZ,50.84615265,5.725315418
6226DA,50.8508573,5.723591652
6226DB,50.85177511,5.725680192
6226DG,50.8523756,5.725338517
6226DH,50.85256345,5.7261326
6226DJ,50.85282136,5.727414167
6226DK,50.85146636,5.726835616
6226DL,50.85143085,5.725975185
6226DM,50.85174493,5.726802145
6226DP,50.85026319,5.721237667
6226DR,50.85059183,5.71978163
6226DS,50.85082005,5.72075466
6226EA,50.84651099,5.726607923
6226EB,50.84677435,5.7268947
6226EC,50.84630408,5.729716278
6226ED,50.8462576,5.729114367
6226EE,50.84614468,5.728448967
6226EG,50.84589796,5.727278887
6226EH,50.84589036,5.726368979
6226EJ,50.84582607,5.725908119
6226EK,50.84563214,5.722702121
6226EL,50.84561177,5.722133763
6226EM,50.84564813,5.721238922
6226EN,50.84568564,5.720537448
6226EP,50.84575765,5.7296417
6226ER,50.84577636,5.728113718
6226ES,50.84564098,5.726919467
6226ET,50.84554261,5.726228633
6226EV,50.84535746,5.724917175
6226EW,50.84526599,5.723613713
6226EX,50.84526284,5.722299013
6226EZ,50.84532455,5.720869177
6226GA,50.84470188,5.721759129
6226GB,50.84491997,5.72145724
6226GC,50.84471249,5.722983594
6226GD,50.84422869,5.725419624
6226GE,50.84438568,5.723907184
6226GG,50.8445755,5.72481668
6226GH,50.84497154,5.725843129
6226GJ,50.84474251,5.724044838
6226GK,50.84516741,5.72598647
6226GL,50.84491572,5.72396564
6226GM,50.84461913,5.726086317
6226GN,50.84441771,5.726880094
6226GP,50.84446573,5.727482841
6226GR,50.84623098,5.727539235
6226GS,50.84795995,5.727802917
6226GT,50.8499789,5.727872747
6226GV,50.84478098,5.72805082
6226GW,50.84646026,5.7279151
6226GX,50.8504119,5.7283298
6226GZ,50.84935312,5.728566908
6226HA,50.84714002,5.729616791
6226HB,50.84691199,5.734200858
6226HD,50.84408338,5.729527224
6226HE,50.84550692,5.729919548
6226HH,50.84496193,5.728678806
6226HJ,50.84562212,5.728638939
6226HK,50.84495833,5.729148128
6226HL,50.84562339,5.729159505
6226HM,50.84450078,5.728166719
6226HN,50.84366288,5.729076642
6226HR,50.84392671,5.724781667
6226HS,50.84358653,5.727705267
6226HT,50.84564449,5.7244016
6226HV,50.84564627,5.724405285
6226HW,50.84564791,5.7244086
6226HX,50.8480155,5.718989138
6226JX,50.84677106,5.731457936
6226NB,50.85063315,5.734861995
6226NE,50.84695609,5.743314265
6226TA,50.84410281,5.733120767
6226TB,50.84338593,5.733019545
6226VJ,50.8516695,5.7249
6226VL,50.8538114,5.717216733
6226VM,50.85350288,5.718810669
6226VN,50.8534769,5.719108481
6226VP,50.85365053,5.717199356
6226VR,50.85258925,5.717968429
6226VV,50.85326804,5.721599793
6226VX,50.85287146,5.721158329
6226VZ,50.85381472,5.721445343
6226WB,50.84605328,5.734515217
6226WC,50.84425878,5.73496634
6226WD,50.84520116,5.736800164
6226WE,50.84584235,5.73471779
6226WG,50.84453543,5.734881689
6226WH,50.84524499,5.736441156
6226WJ,50.84618905,5.73330259
6226WK,50.84538535,5.735794423
6226WL,50.84607109,5.73737745
6226WN,50.84724457,5.735824311
6226WP,50.84716055,5.736251063
6226WR,50.84872934,5.734565877
6226WS,50.84765322,5.73421108
6226WT,50.8475398,5.733300207
6226WV,50.84809822,5.735018517
6226WX,50.84739638,5.737153722
6226WZ,50.84859002,5.734602633
6226XA,50.8529451,5.7184366
6226XB,50.85331456,5.717996014
6226XC,50.85351384,5.718291724
6226XD,50.85327635,5.71742825
6226XE,50.8525598,5.71910265
6226XG,50.85303421,5.719180343
6226XH,50.85280618,5.719047913
6226XJ,50.85343438,5.7196046
6226XK,50.85410511,5.717608653
6226XL,50.85358294,5.720217014
6226XM,50.8542645,5.718155779
6226XN,50.85407591,5.720615415
6226XV,50.84405393,5.737555467
6226XW,50.84555281,5.733321092
6226XX,50.85474019,5.717757087
6226XZ,50.85503499,5.71671817
6227AA,50.84381102,5.722165156
6227AB,50.84359785,5.725100807
6227AC,50.84328129,5.7279627
6227AD,50.84271042,5.733186983
6227AE,50.84222169,5.738557019
6227AH,50.84408845,5.71884365
6227AK,50.83917868,5.72065432
6227AL,50.84243189,5.721924661
6227AM,50.84262657,5.723332081
6227AN,50.84129213,5.722498226
6227AP,50.83866152,5.72202751
6227AR,50.84279649,5.723000036
6227AS,50.84125807,5.722023438
6227AT,50.83958243,5.722088353
6227AV,50.84289109,5.725228089
6227AW,50.84323857,5.724977376
6227AX,50.84277825,5.724319665
6227AZ,50.84238561,5.724681833
6227BA,50.84186176,5.725211761
6227BB,50.8408637,5.7244764
6227BC,50.84157506,5.724471953
6227BD,50.84145806,5.723576094
6227BE,50.84338355,5.72277716
6227BG,50.84210006,5.726837505
6227BH,50.84252459,5.726631211
6227BJ,50.84105895,5.7259032
6227BK,50.84263955,5.727820211
6227BL,50.83991853,5.727515682
6227BM,50.83795532,5.726530405
6227BN,50.84264272,5.727529868
6227BP,50.84084089,5.727493075
6227BR,50.83821176,5.726255853
6227BS,50.84107426,5.729104739
6227BT,50.84103617,5.730706429
6227BV,50.84106764,5.731650492
6227BW,50.84106928,5.732501833
6227BX,50.84078993,5.72984313
6227BZ,50.8405651,5.733603517
6227CB,50.84207958,5.7292886
6227CC,50.84213838,5.729290492
6227CD,50.84218882,5.729288915
6227CE,50.84224117,5.7292464
6227CG,50.84254242,5.729443315
6227CH,50.84254045,5.729918723
6227CK,50.84141569,5.729572011
6227CL,50.84159026,5.729536429
6227CM,50.84251379,5.73220554
6227CN,50.84173895,5.731397335
6227CP,50.84186156,5.73217709
6227CR,50.84180157,5.732861833
6227CV,50.84294417,5.72921097
6227DA,50.84305105,5.722236975
6227DB,50.84203902,5.724020947
6227EA,50.8346171,5.724750309
6227EB,50.83453154,5.722741702
6227EC,50.83286305,5.722481556
6227ED,50.83456439,5.724219114
6227EE,50.83417059,5.722812825
6227EG,50.83329523,5.722269367
6227EH,50.83440029,5.723504242
6227EJ,50.83372413,5.722579963
6227EL,50.83355667,5.722831491
6227EN,50.83326109,5.722818193
6227EP,50.83303841,5.720893509
6227ER,50.83324798,5.720994082
6227ES,50.83198805,5.722691432
6227ET,50.8318475,5.722202024
6227EV,50.8322296,5.722514754
6227EW,50.83211701,5.723176635
6227EX,50.83268757,5.720576481
6227GA,50.83299551,5.723265822
6227GB,50.83372948,5.723947645
6227GC,50.83327617,5.723686793
6227GE,50.83243655,5.72395778
6227GH,50.83254723,5.724464252
6227GJ,50.83207424,5.725278
6227GK,50.83180071,5.726811985
6227GL,50.83168849,5.725422727
6227GM,50.83301059,5.726381529
6227GN,50.83240098,5.727058952
6227GP,50.83238089,5.726160027
6227GR,50.83225303,5.725951613
6227GS,50.8325048,5.72520159
6227GT,50.8330698,5.725019721
6227GV,50.83294696,5.72544382
6227HA,50.83375454,5.7252285
6227HB,50.83349659,5.725946975
6227HD,50.83431101,5.7259122
6227HE,50.83448604,5.72600016
6227HJ,50.83520445,5.72462006
6227HK,50.83419434,5.724251167
6227HL,50.83401353,5.724259782
6227HM,50.83623152,5.723961859
6227HN,50.83525978,5.723287624
6227HR,50.83535238,5.723727358
6227RC,50.83593054,5.721337214
6227RD,50.83620342,5.721074406
6227RE,50.83335742,5.719514983
6227RG,50.83383051,5.719890775
6227RH,50.83483619,5.720489076
6227RJ,50.83487366,5.720037376
6227RK,50.83523139,5.720545083
6227RL,50.83651573,5.722584639
6227RM,50.83362414,5.721004129
6227RN,50.83642984,5.722244272
6227RP,50.83405092,5.720566332
6227RR,50.83666141,5.721239106
6227RS,50.83716825,5.721584431
6227RT,50.83706373,5.724179125
6227RV,50.83728174,5.723862683
6227RW,50.83911232,5.72207
6227RX,50.83904125,5.722970355
6227RZ,50.83953752,5.722883652
6227SB,50.83835466,5.722848073
6227SC,50.83932598,5.723519317
6227SG,50.83794485,5.723530827
6227SH,50.83926743,5.724618914
6227SJ,50.83876313,5.723598119
6227SK,50.84046671,5.723610413
6227SL,50.84098885,5.720509254
6227SM,50.84038035,5.72487197
6227SN,50.84083774,5.722769461
6227SP,50.83931704,5.726182158
6227SR,50.83938515,5.72593839
6227ST,50.83824734,5.725004182
6227SV,50.83634777,5.726150832
6227SW,50.83653546,5.728796629
6227SX,50.83600783,5.731902813
6227SZ,50.83637844,5.728422037
6227TA,50.83823593,5.727870531
6227TB,50.8375623,5.727252831
6227TD,50.8398417,5.728843214
6227TE,50.83973422,5.72840963
6227TG,50.83873039,5.729257784
6227TH,50.83876239,5.727448143
6227TJ,50.83668998,5.731712953
6227TK,50.83630561,5.734314015
6227TL,50.83652974,5.7311988
6227TM,50.83626213,5.732929925
6227TN,50.83720463,5.730992487
6227TP,50.83955613,5.730302254
6227TR,50.83767928,5.730576637
6227TS,50.83943433,5.730009877
6227TT,50.8371259,5.730233462
6227TV,50.83934421,5.731802714
6227TW,50.83724849,5.731857526
6227TX,50.83978368,5.731336258
6227TZ,50.83787353,5.73142625
6227VA,50.83873496,5.73268895
6227VB,50.83723211,5.732732307
6227VC,50.83923363,5.732304004
6227VD,50.83733417,5.732368135
6227VE,50.84032339,5.73362205
6227VG,50.83953139,5.733594861
6227VH,50.838743,5.7336158
6227VJ,50.83704686,5.733906995
6227VK,50.83822875,5.733205094
6227VL,50.83659794,5.73307144
6227VM,50.83964901,5.733735518
6227VN,50.83677753,5.734609596
6227VP,50.83735437,5.73483668
6227VR,50.83784646,5.735121267
6227VT,50.83840425,5.732606942
6227VV,50.83849649,5.735280625
6227VW,50.83809634,5.732270656
6227VX,50.83868378,5.73528612
6227VZ,50.83913396,5.73505103
6227XB,50.8391159,5.734281742
6227XC,50.83973912,5.73486082
6227XD,50.84012018,5.734852123
6227XE,50.83939132,5.735664411
6227XG,50.83949382,5.73603016
6227XH,50.84096631,5.733769194
6227XJ,50.84230517,5.734101217
6227XK,50.84167789,5.733981086
6227XL,50.84124028,5.73467362
6227XM,50.84161484,5.734641857
6227XN,50.8408564,5.735167375
6227XP,50.84142201,5.735498311
6227XR,50.84124566,5.736304904
6227XS,50.84198135,5.735667171
6227XT,50.83981384,5.737352943
6227XV,50.8393832,5.737072015
6227XW,50.83645117,5.735325525
6228AE,50.82885215,5.72582076
6228AG,50.82861487,5.725707342
6228AH,50.83018713,5.72615906
6228AJ,50.82970407,5.726519922
6228AK,50.83036306,5.72569307
6228AL,50.82971067,5.72583573
6228AM,50.83080757,5.725401737
6228AN,50.82987829,5.725108592
6228AR,50.83099533,5.7265567
6228AS,50.83100962,5.727305743
6228AT,50.8301349,5.727294767
6228AX,50.83038803,5.726887333
6228AZ,50.83055238,5.726662018
6228BA,50.82967367,5.727781011
6228BC,50.82929407,5.7265838
6228BD,50.82695857,5.72681195
6228BE,50.8289755,5.72786855
6228BG,50.82448043,5.727023721
6228BH,50.82355751,5.727550155
6228BJ,50.823885,5.7279092
6228BK,50.82305933,5.727985312
6228BL,50.82861522,5.726991344
6228BN,50.82843808,5.727714936
6228BP,50.82425401,5.726642665
6228BR,50.8277758,5.72784645
6228BS,50.82805175,5.727555438
6228BT,50.82714885,5.727340221
6228BV,50.826989,5.727665767
6228CA,50.82641215,5.727754275
6228CB,50.82511801,5.727314043
6228CC,50.82599387,5.727436206
6228CD,50.82528839,5.727221071
6228CK,50.82586872,5.725322267
6228CM,50.82536396,5.725853407
6228CN,50.82531634,5.726133408
6228CP,50.82538128,5.725086821
6228CR,50.82550056,5.724462619
6228CS,50.82398878,5.725066871
6228CT,50.82377234,5.724750714
6228CV,50.82438901,5.725613984
6228CW,50.82404339,5.725335156
6228CX,50.82357318,5.725964179
6228CZ,50.82369108,5.726313273
6228DH,50.82788813,5.726160681
6228DJ,50.82723616,5.725419981
6228DK,50.82733867,5.725392149
6228DL,50.82756085,5.724978258
6228DM,50.82764821,5.724731865
6228DP,50.82655447,5.725782993
6228EA,50.8288558,5.722041694
6228EB,50.82690536,5.721503496
6228EC,50.83051683,5.723359708
6228ED,50.82998449,5.723854883
6228EE,50.83005032,5.72363206
6228EG,50.83042154,5.72243874
6228EH,50.83026535,5.72127004
6228EJ,50.83047915,5.72244947
6228EK,50.83014673,5.720036712
6228EL,50.82982741,5.721794811
6228EM,50.82996397,5.722214079
6228EN,50.82965308,5.722033656
6228EP,50.82943534,5.720694538
6228ER,50.82959951,5.721040843
6228ES,50.82855867,5.723985596
6228ET,50.82843893,5.722112986
6228EV,50.82832975,5.720382972
6228EW,50.82872756,5.720515632
6228EX,50.82826583,5.722644374
6228GA,50.82392317,5.720724522
6228GB,50.8224974,5.723016786
6228GC,50.82266087,5.723734767
6228GD,50.82342712,5.723114427
6228GE,50.82531908,5.721641855
6228GG,50.82263227,5.72396918
6228GH,50.82176554,5.721510431
6228GJ,50.82171305,5.721480029
6228GK,50.82462339,5.72061804
6228GL,50.82405597,5.720305062
6228GM,50.82128662,5.72448876
6228GN,50.82113333,5.723152121
6228GP,50.82075193,5.727462719
6228GR,50.82346493,5.721714464
6228GS,50.8214846,5.725971458
6228GT,50.82231975,5.727347235
6228GV,50.82006703,5.722770144
6228GW,50.82155658,5.7220147
6228GX,50.8211109,5.7254842
6228GZ,50.8208562,5.725028725
6228HA,50.82724519,5.720573574
6228HB,50.82733849,5.719966967
6228HC,50.82739868,5.720778085
6228HG,50.82682974,5.722817239
6228HH,50.8269786,5.7238683
6228HJ,50.82792931,5.723826169
6228HK,50.82763977,5.722467705
6228HL,50.82710539,5.72333165
6228HM,50.82755935,5.723105768
6228HT,50.82621767,5.720723517
6228HV,50.82582464,5.720065465
6228HW,50.82527368,5.720754969
6228HX,50.82572609,5.720706731
6228JA,50.82523203,5.722394916
6228JB,50.82533541,5.723530407
6228JC,50.8260293,5.723631727
6228JD,50.82604499,5.722904944
6228JE,50.82627036,5.72256385
6228JG,50.82586963,5.722195604
6228JK,50.82549222,5.722917992
6228JM,50.82461844,5.72220195
6228JN,50.82461207,5.723135163
6228JP,50.82388289,5.722734047
6228JR,50.82433767,5.72186915
6228JS,50.82399247,5.722512254
6228JV,50.8227665,5.724625108
6228KA,50.82202507,5.725133317
6228KB,50.82185596,5.725295679
6228KC,50.82243594,5.725333147
6228KD,50.82258146,5.725575131
6228LA,50.83047606,5.72060122
6228LB,50.83034099,5.720533412
6228LC,50.83028824,5.720504078
6228LD,50.83028898,5.720502117
6228LE,50.83014318,5.720601849
6228SB,50.83239186,5.729546086
6228SC,50.83079246,5.731006623
6228SE,50.83062538,5.730947019
6228SG,50.83119673,5.731184522
6228SH,50.83284085,5.732055583
6228SJ,50.83261164,5.731562978
6228SM,50.8307809,5.7295719
6228SN,50.83241264,5.7291662
6228SP,50.8326394,5.72962845
6228SR,50.83320668,5.729785818
6228ST,50.8301998,5.7294854
6228SV,50.8313589,5.729732713
6228SW,50.82798023,5.730138148
6228SX,50.82895947,5.729967778
6228XV,50.8256207,5.73442435
6228XX,50.83139898,5.728306477
6228XZ,50.82734225,5.7286007
6229AB,50.81660506,5.708187596
6229AD,50.83024017,5.702456893
6229AE,50.82830192,5.703275031
6229AG,50.82966861,5.704386985
6229AH,50.82881559,5.704457457
6229AJ,50.82904539,5.704638671
6229AK,50.82822614,5.704749064
6229AL,50.82837869,5.704587741
6229AP,50.83014161,5.705493332
6229AR,50.82828507,5.706452909
6229AS,50.83019089,5.705210531
6229AT,50.82775255,5.7059923
6229AV,50.83170715,5.70470632
6229AW,50.8302721,5.705896795
6229AX,50.8306826,5.704116865
6229AZ,50.83069786,5.703544368
6229BA,50.82945307,5.707107085
6229BB,50.82995912,5.70689365
6229BC,50.82654703,5.706010475
6229BD,50.82673175,5.706402065
6229BE,50.82701801,5.704383417
6229BG,50.82599268,5.707083125
6229BH,50.82589148,5.706608053
6229BJ,50.826013,5.70606475
6229BK,50.82590081,5.705689963
6229BM,50.83043826,5.702981393
6229BN,50.83253891,5.703754512
6229EA,50.83646594,5.710646925
6229EB,50.83672258,5.71072932
6229EC,50.83687797,5.710661552
6229ED,50.83712375,5.709276769
6229EG,50.83751974,5.708237476
6229EM,50.83807086,5.715709954
6229GB,50.83611145,5.705684042
6229GC,50.83635051,5.706039013
6229GD,50.83659662,5.704650955
6229GE,50.8365952,5.704640576
6229GG,50.83611508,5.70862899
6229GH,50.83570487,5.705595313
6229GL,50.83602205,5.710156122
6229GM,50.83572134,5.707983813
6229GN,50.83655953,5.709132877
6229GP,50.83629693,5.707626082
6229GX,50.83651981,5.707166061
6229HB,50.83288352,5.70804975
6229HC,50.83369162,5.703320344
6229HD,50.83283645,5.709470117
6229HE,50.83282149,5.7063752
6229HH,50.83289071,5.706689446
6229HJ,50.83348525,5.706814811
6229HK,50.83376003,5.70648031
6229HL,50.83366703,5.70690305
6229HM,50.83376971,5.70528989
6229HN,50.83433407,5.705639056
6229HP,50.83431892,5.705712766
6229HR,50.83426371,5.705013893
6229HS,50.83348196,5.703838157
6229HT,50.83437229,5.703657441
6229HV,50.83434234,5.706720722
6229HW,50.83485887,5.703838405
6229HZ,50.83507229,5.704581913
6229SB,50.81617492,5.717898823
6229SC,50.81581557,5.718005554
6229SG,50.81784375,5.717916683
6229TA,50.83065273,5.708864231
6229TB,50.83092924,5.708921576
6229TD,50.82972147,5.710180233
6229TE,50.82839971,5.709842254
6229TG,50.82895946,5.7106198
6229TH,50.82909524,5.710863375
6229TJ,50.82875377,5.709176353
6229TK,50.82874592,5.709827208
6229TL,50.82911183,5.709887867
6229TM,50.82935015,5.7091426
6229TN,50.82982602,5.70904998
6229TP,50.83030045,5.708925133
6229TR,50.83151155,5.707932329
6229TS,50.83061739,5.708049255
6229TT,50.82897513,5.708554271
6229TV,50.83150136,5.708350213
6229TW,50.83116355,5.70896985
6229TX,50.83095059,5.709563106
6229VC,50.82512001,5.708567625
6229VE,50.82243815,5.717932238
6229VJ,50.81779378,5.719146175
6229VK,50.81769711,5.718511791
6229VM,50.82536686,5.71565285
6229VN,50.82678396,5.710026302
6229VP,50.8301067,5.707999492
6229VR,50.82793495,5.708326323
6229VS,50.83079449,5.706807147
6229VT,50.82915659,5.707315041
6229VV,50.8274772,5.70782029
6229VW,50.82959653,5.706820995
6229VX,50.82760457,5.707389543
6229VZ,50.82576542,5.707980132
6229WB,50.82471689,5.71126325
6229WC,50.82490856,5.711539307
6229WD,50.82393139,5.710859708
6229WE,50.82417407,5.710442526
6229WG,50.82529492,5.70999984
6229WH,50.82517946,5.709445574
6229WJ,50.82459337,5.710424356
6229WK,50.82526902,5.710228013
6229WL,50.82502374,5.7094418
6229WN,50.82575843,5.7091894
6229WP,50.8236156,5.708153312
6229WR,50.82398014,5.708654944
6229WS,50.8230616,5.709706825
6229WT,50.82332127,5.710336
6229WV,50.8231031,5.71036444
6229WX,50.82246068,5.710475071
6229WZ,50.82319995,5.71102965
6229XA,50.82304352,5.706098338
6229XB,50.82307401,5.707403164
6229XC,50.8235905,5.70789619
6229XD,50.82401394,5.708225484
6229XE,50.82429797,5.7086612
6229XG,50.82523859,5.706780438
6229XH,50.82446525,5.705609092
6229XJ,50.82478428,5.706716969
6229XK,50.82507951,5.70778291
6229XL,50.82428738,5.707418642
6229XM,50.82388577,5.706758262
6229XN,50.82367068,5.706109525
6229XP,50.82339177,5.705519043
6229XR,50.8246757,5.707102722
6229XS,50.82412246,5.70572565
6229XT,50.82167266,5.706296239
6229XV,50.82585155,5.704787131
6229XW,50.82433276,5.704781993
6229XX,50.82292034,5.704776626
6229ZA,50.82263931,5.71066971
6229ZB,50.82241249,5.710794153
6229ZC,50.82339377,5.70968236
6229ZD,50.82141633,5.70924736
6229ZE,50.82092283,5.708232104
6229GV,50.83786632941176,5.713114
